edge_id,from_node_id,to_node_id,length_m,speed_limit_mps,num_lanes,priority,road_type,free_flow_travel_time_s,from_junction_degree,to_junction_degree,baseline_sampled_seconds,baseline_traveltime_s,baseline_overlap_traveltime_s,baseline_density_vpm,baseline_lane_density_vpmpl,baseline_occupancy_perc,baseline_waiting_time_s,baseline_time_loss_s,baseline_speed_mps,baseline_speed_relative,baseline_departed_count,baseline_arrived_count,baseline_entered_count,baseline_left_count,is_braess_road
423754732#0,4233121339,4233121141,107.31,13.89,1,3,highway.residential,7.72570194384449,6,8,163.56,9.24,9.62,0.42,0.42,0.2,0,23.86,11.67,0.84,0,0,17,17,0
423754739#0,4233121338,4233121142,106.46,13.89,1,3,highway.residential,7.66450683945284,6,6,102.78,8.96,9.34,0.27,0.27,0.13,0,14.53,11.93,0.86,0,0,11,11,0
423754745,cluster_2178265471_4233121344,4233121139,108.33,13.89,1,3,highway.residential,7.79913606911447,8,6,166.15,10.16,11.08,0.43,0.43,0.2,1,32.46,10.23,0.74,0,0,15,15,1
423754735#0,4233121342,4233121140,107.59,13.89,1,3,highway.residential,7.74586033117351,6,8,8.2,7.9,8.2,0.02,0.02,0.01,0,1.65,13.72,0.99,0,0,1,1,0
423754763#0,4233121345,4233121146,107.61,13.89,1,3,highway.residential,7.74730021598272,6,8,304.38,9.74,10.15,0.79,0.79,0.37,0,53.97,11.1,0.8,0,0,30,30,0
444065242#2,4233121144,2178265478,108.3,13.89,1,3,highway.residential,7.79697624190065,8,6,5187.13,63.56,71.27,13.3,13.3,6.12,4117,4562.95,1.59,0.11,0,0,73,71,1
423754725#0,4233121349,4233121143,108.06,13.89,1,3,highway.residential,7.77969762419007,6,8,206.32,9.7,10.34,0.53,0.53,0.25,0,39.08,10.94,0.79,0,0,20,20,0
423754750#0,4233121351,4233121147,108.31,2.78,1,2,highway.living_street,38.9604316546763,6,8,0,0,0,0,0,0,0,0,0,0,0,0,0,0,0
423754767#0,4233121352,4233121149,107.91,13.89,1,3,highway.residential,7.76889848812095,8,8,291.34,9.02,9.4,0.75,0.75,0.35,0,42.49,12.01,0.86,0,0,31,31,1
423754646#0,4233121353,4233121148,108.05,2.78,1,2,highway.living_street,38.8669064748202,8,8,0,0,0,0,0,0,0,0,0,0,0,0,0,0,0
423607514,4231760004,4231759790,129.8,13.89,1,3,highway.residential,9.34485241180706,6,2,498.23,11.01,11.4,1.07,1.07,0.51,0,63.14,11.82,0.85,0,44,44,0,0
423754721#1,4233121377,11255040091,87.36,13.89,1,3,highway.residential,6.28941684665227,8,2,175.22,7.67,8.06,0.56,0.56,0.26,0,27.86,11.45,0.82,0,22,22,0,1
423754772#2,4233121394,9910877217,97.32,13.89,1,3,highway.residential,7.00647948164147,8,2,181.48,8.32,8.71,0.52,0.52,0.24,0,23.52,11.75,0.85,0,21,21,0,1
423754715,4233121410,4233121411,55.78,13.89,1,3,highway.residential,4.01583873290137,6,2,100.07,4.99,5.38,0.5,0.5,0.23,0,20.31,11.29,0.81,0,19,19,0,0
1170526498,4233121426,4233121422,25.26,13.89,1,3,highway.residential,1.81857451403888,2,6,59.85,2.47,3.27,0.66,0.66,0.28,0,11.62,9.25,0.67,22,0,0,22,0
423754739#1,4233121142,4233121118,6.61,13.89,1,3,highway.residential,0.475881929445644,6,2,12.83,0.58,0.98,0.54,0.54,0.16,0,1.94,11.88,0.85,0,14,14,0,0
423754732#1,4233121141,9910867362,78.69,13.89,1,3,highway.residential,5.66522678185745,8,6,149.9,7.06,7.89,0.53,0.53,0.24,0,24.83,10.6,0.76,0,1,19,18,1
423754735#1,4233121140,9910867361,78.47,13.89,1,3,highway.residential,5.64938804895608,8,6,6.98,6.27,6.98,0.02,0.02,0.01,0,1.72,11.96,0.86,0,0,1,1,0
444065242#1,9910867360,4233121144,77.53,13.89,1,3,highway.residential,5.58171346292297,8,8,109.72,6.33,6.86,0.39,0.39,0.18,0,11.38,12.03,0.87,0,0,16,16,1
423754725#1,4233121143,9910867359,77.54,13.89,1,3,highway.residential,5.58243340532757,8,6,143.31,6.37,6.82,0.51,0.51,0.24,0,16.2,12.1,0.87,0,0,21,21,0
423754750#1,4233121147,9911036281,47.53,2.78,1,2,highway.living_street,17.0971223021583,8,4,0,0,0,0,0,0,0,0,0,0,0,0,0,0,0
423754767#1,4233121149,6734971767,43.24,13.89,1,3,highway.residential,3.1130309575234,8,6,326.13,4.77,5.53,2.1,2.1,0.92,0,97.02,8.73,0.63,0,1,59,58,0
462681630#1,6734971768,4233121125,38.41,5.56,1,2,highway.living_street,6.90827338129496,8,4,0,0,0,0,0,0,0,0,0,0,0,0,0,0,0
423754792#6,cluster_4233121150_4233121151,6734971747,43.66,13.89,1,3,highway.residential,3.14326853851692,8,8,0,0,0,0,0,0,0,0,0,0,0,0,0,0,0
1311512484,6734971769,12139950502,49.4,13.89,1,3,highway.residential,3.5565154787617,8,2,103.18,4.6,4.99,0.58,0.58,0.26,0,22.86,10.9,0.78,0,21,21,0,0
1311512485#0,4233121115,6734971760,35.56,13.89,1,3,highway.residential,2.56011519078474,2,8,95.62,4.14,4.97,0.75,0.75,0.34,4,29.92,8.16,0.59,22,0,0,22,0
1081102191#2,4233121153,6734971771,42.04,13.89,1,3,highway.residential,3.02663786897048,6,8,362.87,3.62,4.22,2.4,2.4,1.05,0,47.1,11.15,0.8,0,0,86,86,0
717096965#0,6734971771,6734971753,81.16,13.89,1,3,highway.residential,5.84305255579554,8,6,8.33,7.5,8.33,0.03,0.03,0.01,0,1.67,10.35,0.75,0,0,1,1,1
1081102191#4,6734971771,6734971781,50.1,13.89,1,3,highway.residential,3.60691144708423,8,8,302.67,4.28,4.67,1.68,1.68,0.76,0,43.71,11.81,0.85,1,2,64,63,0
1311512485#1,6734971760,6734971759,47.65,13.89,1,3,highway.residential,3.43052555795536,8,6,0,0,0,0,0,0,0,0,0,0,0,0,0,0,0
717096962,6734971756,6734971755,44.76,13.89,1,3,highway.residential,3.22246220302376,6,6,6.51,5.63,6.51,0.04,0.04,0.02,0,2.04,7.64,0.55,0,0,1,1,1
717096962,6734971756,6734971755,44.76,13.89,1,3,highway.residential,3.22246220302376,6,6,6.51,5.63,6.51,0.04,0.04,0.02,0,2.04,7.64,0.55,0,0,1,1,1
717096964,6734971765,6734971769,43.02,13.89,1,3,highway.residential,3.09719222462203,6,8,0,0,0,0,0,0,0,0,0,0,0,0,0,0,1
717096960,6734971748,6737654966,43.05,13.89,1,3,highway.residential,3.09935205183585,6,6,0,0,0,0,0,0,0,0,0,0,0,0,0,0,1
717096963,6734971762,6734971761,42.54,13.89,1,3,highway.residential,3.06263498920086,6,6,17.42,5.11,5.81,0.11,0.11,0.05,0,5.79,8.19,0.59,0,0,3,3,1
423754792#7,6734971747,6734971746,42.43,13.89,1,3,highway.residential,3.05471562275018,8,6,0,0,0,0,0,0,0,0,0,0,0,0,0,0,0
462681630#0,6734971772,6734971768,46.59,5.56,1,2,highway.living_street,8.3794964028777,4,8,0,0,0,0,0,0,0,0,0,0,0,0,0,0,0
717096967#2,cluster_6734971754_9909099942,6734971781,57.74,13.89,1,3,highway.residential,4.15694744420446,8,8,88.06,4.47,4.83,0.42,0.42,0.19,0,6.97,12.98,0.93,0,0,19,18,0
717096961#0,cluster_6734971754_9909099942,6734971753,27.67,13.89,1,3,highway.residential,1.99208063354932,8,6,113.97,2.45,2.85,1.14,1.14,0.48,0,16.59,11.47,0.83,0,0,40,40,0
423754725#1,4233121143,9910867359,77.54,13.89,1,3,highway.residential,5.58243340532757,8,6,143.31,6.37,6.82,0.51,0.51,0.24,0,16.2,12.1,0.87,0,0,21,21,0
444065242#1,9910867360,4233121144,77.53,13.89,1,3,highway.residential,5.58171346292297,8,8,109.72,6.33,6.86,0.39,0.39,0.18,0,11.38,12.03,0.87,0,0,16,16,1
423754735#1,4233121140,9910867361,78.47,13.89,1,3,highway.residential,5.64938804895608,8,6,6.98,6.27,6.98,0.02,0.02,0.01,0,1.72,11.96,0.86,0,0,1,1,0
423754732#1,4233121141,9910867362,78.69,13.89,1,3,highway.residential,5.66522678185745,8,6,149.9,7.06,7.89,0.53,0.53,0.24,0,24.83,10.6,0.76,0,1,19,18,1
423754751#0,cluster_10289098646_4233121419,4233121383,64.35,13.89,1,3,highway.residential,4.63282937365011,8,6,6513.91,127.09,127.94,28.12,28.12,14,5908,6251.52,0.54,0.04,0,0,51,51,1
423754751#1,4233121383,4233121346,31.73,13.89,1,3,highway.residential,2.28437724982001,6,6,5736.66,130.88,146.95,50.22,50.22,23.14,5283,5618.74,0.25,0.02,0,0,40,38,1
423754753,4233121418,4233121348,110.13,2.78,1,2,highway.living_street,39.6151079136691,6,6,0,0,0,0,0,0,0,0,0,0,0,0,0,0,0
423754688,4233121421,4233121350,110.67,13.89,1,3,highway.residential,7.96760259179266,6,6,283.26,37.03,40.47,0.71,0.71,0.34,183,216.41,2.86,0.21,0,0,7,7,1
1185438186,4233121424,4233121352,111.34,13.89,1,3,highway.residential,8.01583873290137,6,8,25.89,24.33,25.89,0.06,0.06,0.03,13,17.95,4.49,0.32,0,0,1,1,1
1210951172,4233121425,4233121353,111.65,13.89,1,3,highway.residential,8.0381569474442,6,8,10.34,9.57,10.34,0.03,0.03,0.01,0,1.8,11.29,0.81,0,0,1,1,1
423754792#0,4233121423,4233121354,111.21,13.89,1,3,highway.residential,8.00647948164147,6,8,0,0,0,0,0,0,0,0,0,0,0,0,0,0,1
423754755#0,4233121427,4233121355,111.71,13.89,1,3,highway.residential,8.04247660187185,6,8,0,0,0,0,0,0,0,0,0,0,0,0,0,0,0
423754730#0,4233121429,3735850676,111.9,13.89,1,3,highway.residential,8.0561555075594,6,8,11.81,11.56,12.34,0.03,0.03,0.01,0,4.33,9.47,0.68,1,0,0,1,0
423754637#0,4233121431,4233121356,111.66,13.89,1,3,highway.residential,8.03887688984881,6,8,0,0,0,0,0,0,0,0,0,0,0,0,0,0,1
423754789#0,4233121433,4233121357,111.19,13.89,1,3,highway.residential,8.00503959683225,6,8,9.46,8.78,9.46,0.02,0.02,0.01,0,1.52,12.28,0.88,0,0,1,1,0
423754774#0,4233121430,4233121358,109.81,13.89,1,3,highway.residential,7.9056875449964,6,8,0,0,0,0,0,0,0,0,0,0,0,0,0,0,0
1185435870#1,4233121400,4233038853,60.43,13.89,1,3,highway.residential,4.35061195104392,6,8,840.91,5.37,5.97,3.87,3.87,1.77,43,145.25,10.96,0.79,1,0,140,140,1
369837724#2,4233038853,4233121358,4.38,11.11,1,3,highway.residential,0.394239423942394,8,8,92.87,0.74,1.43,5.89,5.89,1.36,1,33.7,6.56,0.59,0,0,65,65,0
369837724#4,4233121357,4233121356,8.56,11.11,1,3,highway.residential,0.770477047704771,8,8,482.6,7.78,8.52,15.66,15.66,7.15,363,406.94,1.59,0.14,0,0,57,56,1
369837724#5,4233121356,3735850676,8.67,11.11,1,3,highway.residential,0.780378037803781,8,8,653.34,21.81,22.82,20.93,20.93,10.12,590,617.52,0.6,0.05,0,0,29,28,1
369837724#6,3735850676,4233121355,8.46,11.11,1,3,highway.residential,0.761476147614762,8,8,1278.66,44.94,47.6,41.98,41.98,20.64,1211,1246.01,0.28,0.03,0,0,28,27,0
369837724#7,4233121355,4233121354,11.07,11.11,1,3,highway.residential,0.996399639963996,8,8,1903.05,72.01,75.79,47.75,47.75,23.63,1810,1866.47,0.21,0.02,0,0,27,26,1
369837724#8,4233121354,4233121353,3.2,11.11,1,3,highway.residential,0.288028802880288,8,8,406,10.6,11.15,35.24,35.24,10.25,317,378.8,0.74,0.07,1,0,38,39,1
1210951173,4233121353,4233121352,8.38,11.11,1,3,highway.residential,0.754275427542754,8,8,3179.21,78.54,82.11,105.38,105.38,39.29,2989,3132.09,0.16,0.01,1,0,40,40,1
1185438185#0,4233121352,4233121351,6.58,11.11,1,3,highway.residential,0.592259225922592,8,6,976.28,19.36,20.21,41.21,41.21,19.49,780,924.98,0.57,0.05,1,0,51,52,1
1185438185#4,4233121348,2178265478,1.6,11.11,1,3,highway.residential,0.144014401440144,6,6,1342.82,8.01,17.32,133.33,133.33,34.34,1131,1299.57,0.38,0.03,2,0,77,79,1
1081309636#4,4233121342,cluster_2178265471_4233121344,4.42,13.89,1,3,highway.residential,0.318214542836573,6,8,473.1,1.84,2.62,29.73,29.73,9.32,180,348.74,3.59,0.26,0,0,181,181,1
369837727#0,cluster_2178265471_4233121344,4233121339,3.89,13.89,1,3,highway.residential,0.280057595392369,8,6,447.87,0.51,1.08,31.98,31.98,7,7,177.61,8.2,0.59,0,0,413,413,1
369837727#2,4233121338,4231760004,33.16,13.89,1,3,highway.residential,2.38732901367891,6,6,2160.94,3.79,4.6,18.1,18.1,7.69,528,850.07,8.3,0.6,0,0,470,470,0
1125146033,2178265474,cluster_10289098646_4233121419,12.63,13.89,1,3,highway.residential,0.909287257019438,8,8,1432.92,4.42,5.27,31.51,31.51,12.98,718,963.52,3.35,0.24,0,0,274,273,1
423737614,4233038861,2178265474,257.75,13.89,1,3,highway.residential,18.5565154787617,6,8,3678.56,52.64,54.11,3.96,3.96,1.94,1977,2365.93,4.86,0.35,0,0,68,68,0
207565747#0,2178265474,4233038864,14.57,13.89,1,3,highway.residential,1.04895608351332,8,8,259.85,1.54,2.22,4.95,4.95,1.8,9,65.48,8.81,0.63,0,0,117,117,1
423737568#1,4233038864,4233038871,257.24,13.89,1,3,highway.residential,18.5197984161267,8,8,2391.87,22.39,23.26,2.58,2.58,1.25,21,360.83,11.27,0.81,0,1,103,101,0
423737631#3,4233038882,4233038878,102.46,13.89,1,3,highway.residential,7.37652987760979,6,8,395.66,14.09,15.22,1.07,1.07,0.51,100,177.68,7.06,0.51,0,0,26,26,1
423737622#1,4233038888,cluster_4233040591_4233040593,101.2,13.89,1,3,highway.residential,7.28581713462923,8,8,610.3,10.13,10.89,1.68,1.68,0.78,35,184.99,9.75,0.7,0,0,57,56,0
207565747#2,4233038878,4233038888,4.49,13.89,1,3,highway.residential,0.323254139668827,8,8,125.47,0.43,1.02,7.76,7.76,1.72,11,38.95,9.3,0.67,0,0,123,123,1
207565747#3,4233038888,4233040620,31.13,13.89,1,3,highway.residential,2.24118070554356,8,8,620.97,3.02,3.79,5.54,5.54,2.25,56,182.42,9.54,0.69,0,0,164,164,1
423737591#0,4233040619,4233040620,53.26,13.89,1,3,highway.residential,3.83441324694024,2,8,569.62,35.94,36.93,2.97,2.97,1.47,460,495.5,1.58,0.11,17,0,0,17,0
207565747#4,4233040620,cluster_2178265419_4233040634,13.86,13.89,1,3,highway.residential,0.997840172786177,8,8,369.9,1.68,2.52,7.41,7.41,2.76,15,148.06,7.5,0.54,0,0,147,147,0
1238288378#1,9910861622,9911036295,14.86,13.89,1,3,highway.residential,1.06983441324694,6,6,71.66,1.8,2.39,1.34,1.34,0.49,0,25.03,8.31,0.6,0,0,30,30,0
1170526497,cluster_2178265419_4233040634,9910861622,74.37,13.89,1,3,highway.residential,5.35421166306695,8,6,858.69,7.17,8.03,3.21,3.21,1.48,15,188.81,9.89,0.71,0,0,107,107,1
207565747#6,cluster_2178265419_4233040634,4233040635,8.03,13.89,1,3,highway.residential,0.578113750899928,8,6,204.64,0.73,1.14,7.08,7.08,2.22,5,35.36,11.46,0.83,0,0,180,180,0
1214968659#0,cluster_11256808141_2178265374,9911036296,66.85,13.89,1,3,highway.residential,4.81281497480202,8,6,294.7,5.57,6.01,1.22,1.22,0.56,0,39.72,11.95,0.86,0,0,49,49,0
1214968659#1,9911036296,4231760068,78.25,13.89,1,3,highway.residential,5.63354931605472,6,8,319.92,6.01,6.4,1.14,1.14,0.53,0,18.57,13,0.94,0,1,50,49,0
423607545#0,4231760312,4231760087,69.67,13.89,1,3,highway.residential,5.01583873290137,6,8,18.6,5.83,6.2,0.07,0.07,0.03,0,2.84,12.05,0.87,0,0,3,3,1
423607545#1,4231760087,4231760068,47.05,13.89,1,3,highway.residential,3.38732901367891,8,8,29.2,5.11,5.84,0.17,0.17,0.08,0,10.47,8.91,0.64,0,0,5,5,0
423607658#2,4231760067,4231760088,47.42,13.89,1,3,highway.residential,3.41396688264939,8,8,52.43,3.97,4.37,0.31,0.31,0.14,0,5.35,12,0.86,0,0,12,12,0
423607658#3,4231760088,4231760299,20.7,13.89,1,3,highway.residential,1.4902807775378,8,6,44.12,1.92,2.35,0.59,0.59,0.24,0,9.03,10.95,0.79,1,0,18,19,1
423607658#4,4231760299,4231760306,9.47,13.89,1,3,highway.residential,0.681785457163427,6,6,299.48,15.31,15.76,8.78,8.78,4.27,275,279.5,0.92,0.07,0,0,19,19,1
423607658#5,4231760306,cluster_4231642562_4231760313,12.17,13.89,1,3,highway.residential,0.876169906407487,6,8,822.95,42.22,44,18.78,18.78,8.95,751,791.87,0.39,0.03,0,0,19,19,0
369837717#2,4231760312,cluster_4231642562_4231760313,4.48,13.89,1,3,highway.residential,0.322534197264219,6,8,195,0.48,1.33,12.09,12.09,2.47,47,84.84,7.15,0.51,0,0,147,147,1
369837717#1,cluster_11256808141_2178265374,4231760312,23.54,13.89,1,3,highway.residential,1.69474442044636,8,6,540.87,3.27,3.73,6.38,6.38,2.82,159,239.67,7.64,0.55,1,0,144,145,0
423607525,4231760299,cluster_4231760303_4231760305,56.11,13.89,1,3,highway.residential,4.03959683225342,6,8,68.82,6.16,6.88,0.34,0.34,0.15,0,25.9,8.88,0.64,0,0,10,10,1
423607595#0,4231760306,4231760309,56.52,13.89,1,3,highway.residential,4.06911447084233,6,8,0,0,0,0,0,0,0,0,0,0,0,0,0,0,1
369837717#7,cluster_3735850699_4231642571,4231642572,4.14,13.89,1,3,highway.residential,0.298056155507559,8,6,103.01,0.34,0.75,6.91,6.91,1.56,0,10.69,12.24,0.88,0,0,138,138,0
369837717#8,4231642572,4231642575,4.36,13.89,1,3,highway.residential,0.313894888408927,6,6,102.78,0.35,0.74,6.55,6.55,1.52,0,7.35,12.57,0.9,0,0,138,138,1
369837717#9,4231642575,4231642582,17.69,13.89,1,3,highway.residential,1.2735781137509,6,6,569.08,3.75,4.15,8.94,8.94,4.04,318,341.64,5.46,0.39,0,0,137,137,0
369837717#10,4231642582,4231642583,12.7,13.89,1,3,highway.residential,0.914326853851692,6,6,253.18,1.39,1.84,5.54,5.54,2.13,36,74.88,9.63,0.69,1,0,137,138,0
369837717#11,4231642583,2432087697,14.61,13.89,1,3,highway.residential,1.05183585313175,6,6,1403.27,7.43,10.02,26.68,26.68,9.99,929,1171.22,1.96,0.14,0,0,140,140,1
423591321#0,4231642583,4231642839,54.28,13.89,1,3,highway.residential,3.90784737221022,6,6,35.6,5.19,5.93,0.18,0.18,0.08,0,6.83,9.99,0.72,0,1,6,5,0
423590993,4231642582,4231642830,50.58,13.89,1,3,highway.residential,3.6414686825054,6,6,8.11,8.15,8.92,0.04,0.04,0.02,0,4.18,6.23,0.45,1,0,0,1,0
423591309#0,4231642575,4231642825,45.61,13.89,1,3,highway.residential,3.28365730741541,6,8,21.85,4.65,5.46,0.13,0.13,0.06,0,4.39,9.27,0.67,0,0,4,4,1
423590990,4231642572,4231642823,43.41,13.89,1,3,highway.residential,3.12526997840173,6,6,0,0,0,0,0,0,0,0,0,0,0,0,0,0,0
423591020,cluster_3735850699_4231642571,4231642819,40.4,13.89,1,3,highway.residential,2.90856731461483,8,6,2021.75,125.15,126.36,13.9,13.9,6.91,1870,1960.46,0.36,0.03,0,1,16,15,1
423590891#0,4231642570,4231642814,36.8,13.89,1,3,highway.residential,2.64938804895608,6,8,6.18,6.39,7.04,0.05,0.05,0.02,0,3.05,5.94,0.43,1,0,0,1,0
423591319#6,4231642585,4231642576,49.89,13.89,1,3,highway.residential,3.59179265658747,8,6,2982.92,141.43,142.66,16.61,16.61,8.24,2562,2892.42,0.38,0.03,0,0,21,21,0
207565747#8,cluster_11256808141_2178265374,4231642576,11.17,13.89,1,3,highway.residential,0.804175665946724,8,6,77.39,1.16,1.61,1.92,1.92,0.66,0,21.95,10.03,0.72,0,1,48,47,0
207565747#7,4233040635,cluster_11256808141_2178265374,10.24,13.89,1,3,highway.residential,0.737221022318215,6,8,334.93,1.33,1.86,9.09,9.09,3.15,63,123.26,8.19,0.59,0,0,180,180,1
1238289072#0,11502906080,cluster_2178265419_4233040634,89.6,13.89,1,3,highway.residential,6.45068394528438,6,8,329.07,7.37,8.23,1.02,1.02,0.47,0,55.49,11.5,0.83,0,0,40,40,0
1238289072#1,11502906080,cluster_11502906079_4231642827,8.95,13.89,1,3,highway.residential,0.64434845212383,6,8,12.89,1.72,2.58,0.4,0.4,0.14,0,6.41,5.41,0.39,0,0,5,5,0
1081308827,9910861622,cluster_2178265419_4233040634,74.44,13.89,1,3,highway.residential,5.35925125989921,6,8,609.38,11.64,12.6,2.27,2.27,1.06,180,330.98,6.31,0.45,0,0,49,48,1
1185440251,4233040598,cluster_4233040591_4233040593,142.21,13.89,1,3,highway.residential,10.2383009359251,6,8,856.44,13.23,14.02,1.67,1.67,0.79,22,207.72,10.5,0.76,0,0,62,61,1
423737581,4233038882,4233038883,81.29,13.89,1,3,highway.residential,5.85241180705544,6,2,186.93,6.58,6.97,0.64,0.64,0.3,0,15.25,12.38,0.89,0,27,27,0,1
423737595,4233038877,4233038876,56.96,13.89,1,3,highway.residential,4.10079193664507,6,2,111.24,5.26,5.66,0.54,0.54,0.25,0,21.74,10.95,0.79,0,20,20,0,0
1185440249,4233040598,4233038877,21.78,13.89,1,3,highway.residential,1.56803455723542,6,6,176.7,2.47,2.99,2.25,2.25,0.9,1,57,8.94,0.64,0,0,59,59,0
423737570#4,4233040611,4233038871,76.58,13.89,1,3,highway.residential,5.51331893448524,6,8,603.35,7.57,8.51,2.19,2.19,1.01,29,176.17,9.59,0.69,1,0,70,71,0
