network_id,mid_length_m,mid_speed_mps,fast_length_m,slow_length_m,slow_speed_mps,demand,free_flow_mid_time_s,length_ratio,baseline_tt,no_middle_tt,delta,is_braess_road
1,32,16.9,377,514,7.45,685,1.893,0.733,159641.0,90303.0,69338.0,1
2,64,15.09,102,958,5.32,591,4.241,0.106,24300.0,166116.0,-141816.0,0
3,278,15.22,161,638,10.61,1516,18.265,0.252,115141.0,167889.0,-52748.0,0
4,249,15.07,264,625,13.09,413,16.523,0.422,96472.0,38957.0,57515.0,1
5,194,11.33,131,832,7.15,1089,17.123,0.157,73395.0,195242.0,-121847.0,0
6,214,9.16,102,494,13.47,941,23.362,0.206,72048.0,59349.0,12699.0,1
7,294,9.5,72,870,14.22,561,30.947,0.083,45671.0,52342.0,-6671.0,0
8,205,14.93,332,700,12.05,493,13.731,0.474,129236.0,58771.0,70465.0,1
9,168,19.82,388,633,13.55,606,8.476,0.613,131836.0,60596.0,71240.0,1
10,252,15.63,244,684,8.65,1158,16.123,0.357,111477.0,157796.0,-46319.0,0
11,156,16.42,231,614,11.84,546,9.501,0.376,128312.0,54198.0,74114.0,1
12,293,16.75,361,575,6.63,1177,17.493,0.628,323234.0,184223.0,139011.0,1
13,132,16.22,188,970,13.43,514,8.138,0.194,35926.0,63696.0,-27770.0,0
14,181,12.81,167,432,5.66,1561,14.13,0.387,114153.0,197912.0,-83759.0,0
15,275,12.75,211,617,14.15,1339,21.569,0.342,268722.0,105791.0,162931.0,1
16,91,10.96,123,671,10.61,938,8.303,0.183,53550.0,91750.0,-38200.0,0
17,224,12.34,349,838,14.97,683,18.152,0.416,167500.0,77312.0,90188.0,1
18,66,17.07,310,905,13.61,713,3.866,0.343,223490.0,93100.0,130390.0,1
19,236,15.16,371,563,8.85,1358,15.567,0.659,355569.0,173457.0,182112.0,1
20,25,16.16,320,657,6.15,1499,1.547,0.487,147274.0,277509.0,-130235.0,0
21,77,11.52,186,748,6.58,406,6.684,0.249,28073.0,71141.0,-43068.0,0
22,111,14.09,184,912,6.06,1011,7.878,0.202,69268.0,238797.0,-169529.0,0
23,121,9.83,377,919,12.63,1504,12.309,0.41,400426.0,234985.0,165441.0,1
24,185,13.86,321,400,6.12,1143,13.348,0.802,246173.0,141541.0,104632.0,1
25,49,10.89,207,645,10.67,561,4.5,0.321,42638.0,58857.0,-16219.0,0
26,55,19.74,93,897,10.33,657,2.786,0.104,24701.0,91887.0,-67186.0,0
27,104,11.18,115,886,13.72,1266,9.302,0.13,72860.0,132334.0,-59474.0,0
28,122,16.56,158,952,8.99,1164,7.367,0.166,71334.0,201712.0,-130378.0,0
29,251,9.45,274,929,7.25,1092,26.561,0.295,154620.0,245088.0,-90468.0,0
30,137,15.06,60,967,5.07,520,9.097,0.062,18339.0,149595.0,-131256.0,0
31,36,18.32,167,469,5.71,887,1.965,0.356,49954.0,119423.0,-69469.0,0
32,129,14.47,192,897,12.23,1569,8.915,0.214,113757.0,218877.0,-105120.0,0
33,144,17.42,345,884,13.07,789,8.266,0.39,259452.0,107523.0,151929.0,1
34,240,12.25,98,499,9.11,510,19.592,0.196,30165.0,45416.0,-15251.0,0
35,51,12.83,394,500,8.39,623,3.975,0.788,143510.0,80260.0,63250.0,1
36,117,14.44,177,596,6.4,775,8.102,0.297,51515.0,112262.0,-60747.0,0
37,147,18.49,192,873,5.75,1527,7.95,0.22,111215.0,367982.0,-256767.0,0
38,296,18.03,100,451,14.69,884,16.417,0.222,80126.0,46594.0,33532.0,1
39,268,13.78,135,816,13.65,520,19.448,0.165,74109.0,46403.0,27706.0,1
40,21,19.82,134,788,7.65,1331,1.06,0.17,60753.0,210216.0,-149463.0,0
41,269,9.86,196,833,7.97,519,27.282,0.235,57067.0,85130.0,-28063.0,0
42,51,16.98,346,955,5.57,1596,3.004,0.362,172164.0,458193.0,-286029.0,0
43,291,9.89,294,914,14.61,564,29.424,0.322,157576.0,68057.0,89519.0,1
44,54,16.1,145,470,7.35,645,3.354,0.309,33433.0,68906.0,-35473.0,0
45,40,15.43,341,652,9.19,1595,2.592,0.523,480199.0,222001.0,258198.0,1
46,181,19.22,339,935,7.04,1043,9.417,0.363,120588.0,230335.0,-109747.0,0
47,222,9.57,172,671,11.46,1336,23.197,0.256,253806.0,143126.0,110680.0,1
48,24,13.5,211,474,14.98,604,1.778,0.445,66339.0,35280.0,31059.0,1
49,129,14.07,87,950,6.32,1114,9.168,0.092,47927.0,251896.0,-203969.0,0
50,209,11.42,85,650,9.38,1512,18.301,0.131,103013.0,161283.0,-58270.0,0
51,24,16.01,204,941,10.55,612,1.499,0.217,39812.0,94000.0,-54188.0,0
52,79,18.68,118,670,12.42,718,4.229,0.176,33439.0,66649.0,-33210.0,0
53,127,16.61,189,688,7.04,940,7.646,0.275,66155.0,147157.0,-81002.0,0
54,148,18.86,308,900,13.46,589,7.847,0.342,189116.0,74577.0,114539.0,1
55,161,8.53,374,833,8.34,667,18.875,0.449,163701.0,130394.0,33307.0,1
56,102,16.89,376,668,10.52,1275,6.039,0.563,361695.0,176505.0,185190.0,1
57,77,8.9,337,409,13.83,705,8.652,0.824,63837.0,63837.0,0.0,0
58,209,14.99,329,436,6.48,661,13.943,0.755,140664.0,85367.0,55297.0,1
59,206,18.79,71,715,12.96,481,10.963,0.099,20828.0,42932.0,-22104.0,0
60,147,16.0,233,615,8.54,1546,9.188,0.379,130748.0,195588.0,-64840.0,0
61,141,18.38,258,558,14.76,762,7.671,0.462,170248.0,57787.0,112461.0,1
62,111,16.84,261,425,8.32,1243,6.591,0.614,249014.0,120445.0,128569.0,1
63,156,9.91,392,654,12.01,1183,15.742,0.599,278316.0,154320.0,123996.0,1
64,133,10.39,69,881,14.18,1116,12.801,0.078,55427.0,114030.0,-58603.0,0
65,134,8.28,206,633,6.93,1072,16.184,0.325,109679.0,172034.0,-62355.0,0
66,162,12.21,192,471,10.09,1498,13.268,0.408,235160.0,120882.0,114278.0,1
67,79,18.52,219,428,7.61,1589,4.266,0.512,119467.0,157908.0,-38441.0,0
68,75,15.16,185,439,8.46,1042,4.947,0.421,67984.0,96552.0,-28568.0,0
69,79,12.62,273,923,10.77,921,6.26,0.296,90818.0,131516.0,-40698.0,0
70,20,14.24,72,846,13.07,803,1.404,0.085,22477.0,86101.0,-63624.0,0
71,55,19.39,236,841,14.21,1042,2.837,0.281,80582.0,116848.0,-36266.0,0
72,173,14.09,389,527,11.67,1068,12.278,0.738,173200.0,118641.0,54559.0,1
73,85,10.3,256,702,11.65,1176,8.252,0.365,200172.0,138867.0,61305.0,1
74,174,12.87,396,578,13.34,1022,13.52,0.685,97484.0,97484.0,0.0,0
75,240,17.43,196,615,11.07,1059,13.769,0.319,272731.0,112802.0,159929.0,1
76,246,16.11,288,852,10.11,747,15.27,0.338,79456.0,114864.0,-35408.0,0
77,165,14.19,387,486,11.33,1086,11.628,0.796,146778.0,116590.0,30188.0,1
78,178,10.7,97,640,6.99,450,16.636,0.152,25277.0,60879.0,-35602.0,0
79,263,15.34,73,650,12.68,1332,17.145,0.112,66389.0,116601.0,-50212.0,0
80,119,16.62,262,989,8.84,1218,7.16,0.265,109664.0,229625.0,-119961.0,0
81,22,18.71,174,551,13.6,618,1.176,0.316,72792.0,46484.0,26308.0,1
82,110,17.65,267,624,11.96,1351,6.232,0.428,351639.0,147763.0,203876.0,1
83,147,19.01,75,970,6.21,673,7.733,0.077,26878.0,150807.0,-123929.0,0
84,182,19.4,287,943,13.91,1433,9.381,0.304,530596.0,196562.0,334034.0,1
85,248,18.77,268,961,12.44,1372,13.213,0.279,335625.0,209415.0,126210.0,1
86,146,18.08,280,665,7.77,1467,8.075,0.421,142610.0,215869.0,-73259.0,0
87,160,13.28,298,644,12.14,880,12.048,0.463,169765.0,84524.0,85241.0,1
88,183,18.72,189,743,5.81,708,9.776,0.254,52375.0,142507.0,-90132.0,0
89,98,16.48,168,792,5.64,1234,5.947,0.212,76914.0,275178.0,-198264.0,0
90,258,12.99,219,955,7.07,1260,19.861,0.229,120666.0,270545.0,-149879.0,0
91,30,18.28,249,998,12.66,1179,1.641,0.249,92812.0,181931.0,-89119.0,0
92,200,11.58,294,406,8.9,1258,17.271,0.724,156003.0,126585.0,29418.0,1
93,132,13.86,325,959,7.73,1394,9.524,0.339,155853.0,289084.0,-133231.0,0
94,192,16.03,64,798,12.98,738,11.978,0.08,29865.0,74332.0,-44467.0,0
95,293,8.32,289,530,8.94,1555,35.216,0.545,202257.0,202257.0,0.0,0
96,62,15.71,389,427,6.36,1345,3.947,0.911,305008.0,177713.0,127295.0,1
97,153,12.55,143,451,7.12,1069,12.191,0.317,67593.0,111078.0,-43485.0,0
98,162,17.02,222,788,13.32,916,9.518,0.282,285899.0,104424.0,181475.0,1
99,29,16.99,91,881,5.52,1116,1.707,0.103,38511.0,272660.0,-234149.0,0
100,40,17.05,164,470,14.5,808,2.346,0.349,150521.0,48699.0,101822.0,1
101,142,9.51,60,556,11.69,1555,14.932,0.108,76527.0,118252.0,-41725.0,0
102,151,17.2,161,876,6.68,634,8.779,0.184,40493.0,132125.0,-91632.0,0
103,75,14.94,133,718,14.29,1579,5.02,0.185,87041.0,122363.0,-35322.0,0
104,223,19.3,396,784,6.98,897,11.554,0.505,120067.0,175107.0,-55040.0,0
105,81,17.55,102,708,10.66,484,4.615,0.144,20592.0,52341.0,-31749.0,0
106,239,15.94,227,945,5.69,1098,14.994,0.24,98794.0,291674.0,-192880.0,0
107,270,9.27,56,830,14.61,1341,29.126,0.067,97618.0,135042.0,-37424.0,0
108,110,16.81,128,845,14.65,953,6.544,0.151,49592.0,95605.0,-46013.0,0
109,267,13.58,365,951,13.26,949,19.661,0.384,240097.0,120453.0,119644.0,1
110,64,11.35,215,651,9.51,1351,5.639,0.33,110128.0,161690.0,-51562.0,0
111,192,8.34,341,788,13.51,772,23.022,0.433,150916.0,108593.0,42323.0,1
112,201,17.57,299,617,8.4,965,11.44,0.485,264608.0,128788.0,135820.0,1
113,284,19.38,334,410,5.86,1232,14.654,0.815,271287.0,162100.0,109187.0,1
114,143,16.29,300,968,11.46,1405,8.778,0.31,144641.0,234748.0,-90107.0,0
115,67,11.53,279,417,9.04,898,5.811,0.669,153688.0,82627.0,71061.0,1
116,208,13.68,206,995,10.31,1271,15.205,0.207,107858.0,221439.0,-113581.0,0
117,200,16.43,331,738,7.71,914,12.173,0.449,105021.0,151502.0,-46481.0,0
118,118,11.79,168,523,12.43,779,10.008,0.321,100379.0,57145.0,43234.0,1
119,267,11.32,148,621,10.9,1474,23.587,0.238,255149.0,135947.0,119202.0,1
120,71,17.99,355,689,7.96,1139,3.947,0.515,127068.0,176018.0,-48950.0,0
121,27,16.5,141,709,6.27,493,1.636,0.199,23596.0,84533.0,-60937.0,0
122,169,16.37,77,966,6.26,1405,10.324,0.08,59848.0,324945.0,-265097.0,0
123,165,13.63,102,412,9.4,777,12.106,0.248,39266.0,57724.0,-18458.0,0
124,264,9.37,76,658,5.65,1407,28.175,0.116,96803.0,252097.0,-155294.0,0
125,47,9.82,87,990,13.11,1022,4.786,0.088,40927.0,127843.0,-86916.0,0
126,80,14.7,93,654,9.16,862,5.442,0.142,34443.0,98919.0,-64476.0,0
127,250,18.9,317,789,7.97,1278,13.228,0.402,147070.0,215508.0,-68438.0,0
128,50,15.32,206,982,12.4,825,3.264,0.21,56588.0,119361.0,-62773.0,0
129,155,15.93,370,616,6.57,755,9.73,0.601,91771.0,125748.0,-33977.0,0
130,100,8.03,332,476,9.51,1362,12.453,0.697,240555.0,182463.0,58092.0,1
131,138,11.46,199,433,7.83,1329,12.042,0.46,286616.0,133098.0,153518.0,1
132,155,17.45,86,639,11.25,805,8.883,0.135,35114.0,75946.0,-40832.0,0
133,298,10.7,267,517,6.49,944,27.85,0.516,244286.0,136760.0,107526.0,1
134,50,9.99,122,473,8.08,1565,5.005,0.258,81846.0,150625.0,-68779.0,0
135,83,13.62,197,849,8.04,1224,6.094,0.232,86473.0,205666.0,-119193.0,0
136,296,13.93,189,912,5.8,481,21.249,0.207,41782.0,116887.0,-75105.0,0
137,148,8.31,271,730,7.29,1578,17.81,0.371,203894.0,302560.0,-98666.0,0
138,157,14.91,350,421,12.63,758,10.53,0.831,136058.0,63572.0,72486.0,1
139,246,18.99,290,931,6.81,1598,12.954,0.311,171568.0,357595.0,-186027.0,0
140,66,13.64,273,903,9.08,1057,4.839,0.302,95569.0,183786.0,-88217.0,0
141,102,11.96,393,507,11.94,990,8.528,0.775,177087.0,96235.0,80852.0,1
142,38,13.46,389,810,8.15,1062,2.823,0.48,129041.0,188679.0,-59638.0,0
143,283,17.9,109,813,5.01,1511,15.81,0.134,90632.0,372644.0,-282012.0,0
144,47,10.25,286,823,8.62,1420,4.585,0.348,149182.0,238656.0,-89474.0,0
145,46,10.44,370,852,10.49,989,4.406,0.434,194486.0,154151.0,40335.0,1
146,82,8.35,274,896,11.3,890,9.82,0.306,103807.0,145059.0,-41252.0,0
147,27,14.63,131,718,5.93,632,1.846,0.182,28592.0,122976.0,-94384.0,0
148,98,13.98,286,520,12.17,1442,7.01,0.55,336869.0,139069.0,197800.0,1
149,267,19.76,189,825,7.44,1528,13.512,0.229,123648.0,267376.0,-143728.0,0
150,117,19.06,124,792,10.08,679,6.139,0.157,34722.0,87783.0,-53061.0,0
151,232,12.08,85,682,12.88,947,19.205,0.125,64234.0,73926.0,-9692.0,0
152,172,18.05,51,689,10.8,1402,9.529,0.074,49431.0,146253.0,-96822.0,0
153,295,13.81,126,857,8.32,1512,21.361,0.147,106575.0,244100.0,-137525.0,0
154,184,18.44,243,866,14.81,889,9.978,0.281,287340.0,97218.0,190122.0,1
155,139,18.27,342,792,9.11,1051,7.608,0.432,118989.0,168927.0,-49938.0,0
156,217,19.86,292,790,12.92,711,10.926,0.37,207757.0,84694.0,123063.0,1
157,84,14.03,303,437,10.9,605,5.987,0.693,120363.0,54956.0,65407.0,1
158,289,18.93,275,502,5.15,695,15.267,0.548,73385.0,123338.0,-49953.0,0
159,58,13.63,259,558,14.69,1093,4.255,0.464,155570.0,78136.0,77434.0,1
160,61,18.22,369,807,13.52,1492,3.348,0.457,479432.0,196264.0,283168.0,1
161,269,18.47,244,724,5.36,540,14.564,0.337,51466.0,123073.0,-71607.0,0
162,136,16.96,170,694,9.34,601,8.019,0.245,39313.0,74301.0,-34988.0,0
163,247,10.0,374,502,7.99,459,24.7,0.745,89694.0,63271.0,26423.0,1
164,48,11.52,73,732,8.75,698,4.167,0.1,22560.0,89385.0,-66825.0,0
165,230,14.79,175,943,12.93,748,15.551,0.186,56535.0,97863.0,-41328.0,0
166,215,15.44,139,480,7.41,1594,13.925,0.29,102501.0,165390.0,-62889.0,0
167,256,15.65,123,637,9.6,419,16.358,0.193,26144.0,45156.0,-19012.0,0
168,299,9.9,288,694,9.42,1107,30.202,0.415,306503.0,152774.0,153729.0,1
169,237,16.28,350,706,9.57,1018,14.558,0.496,298871.0,148585.0,150286.0,1
170,267,9.28,151,793,8.81,1135,28.772,0.19,114821.0,167555.0,-52734.0,0
171,171,8.26,344,702,13.3,1210,20.702,0.49,174101.0,174101.0,0.0,0
172,45,18.93,190,408,12.45,986,2.377,0.466,173880.0,66355.0,107525.0,1
173,132,15.64,167,760,11.21,680,8.44,0.22,43895.0,80053.0,-36158.0,0
174,40,11.71,371,499,9.41,1586,3.416,0.743,322594.0,180257.0,142337.0,1
175,66,18.92,236,534,8.27,1250,3.488,0.442,98359.0,142820.0,-44461.0,0
176,87,17.44,139,605,13.76,1149,4.989,0.23,61525.0,91315.0,-29790.0,0
177,159,17.97,321,913,7.57,1386,8.848,0.352,151667.0,277266.0,-125599.0,0
178,78,13.62,201,746,5.75,862,5.727,0.269,60934.0,177349.0,-116415.0,0
179,207,9.08,396,806,8.95,941,22.797,0.491,283001.0,169682.0,113319.0,1
180,252,12.42,324,526,12.49,936,20.29,0.616,82247.0,82247.0,0.0,0
181,210,9.3,349,790,7.34,451,22.581,0.442,78309.0,90108.0,-11799.0,0
182,187,18.98,367,974,7.21,529,9.852,0.377,64664.0,122939.0,-58275.0,0
183,174,15.79,375,875,6.17,492,11.02,0.429,60942.0,120605.0,-59663.0,0
184,272,9.39,69,711,7.35,1500,28.967,0.097,116734.0,219203.0,-102469.0,0
185,252,12.45,119,797,14.49,1506,20.241,0.149,206347.0,133656.0,72691.0,1
186,232,15.86,264,558,13.34,1235,14.628,0.473,240484.0,110249.0,130235.0,1
187,209,10.61,193,433,9.45,883,19.698,0.446,166185.0,74396.0,91789.0,1
188,208,14.53,235,501,14.78,1134,14.315,0.469,71285.0,71285.0,0.0,0
189,161,10.28,81,807,6.22,1331,15.661,0.1,67719.0,261918.0,-194199.0,0
190,30,8.61,96,617,8.34,657,3.484,0.156,27474.0,76640.0,-49166.0,0
191,55,17.96,339,610,10.54,1600,3.062,0.556,426990.0,201730.0,225260.0,1
192,188,17.29,160,638,12.89,405,10.873,0.251,57442.0,34925.0,22517.0,1
193,86,14.48,191,548,12.99,625,5.939,0.349,134338.0,50699.0,83639.0,1
194,87,8.18,388,426,12.9,887,10.636,0.911,89422.0,89422.0,0.0,0
195,28,10.09,351,731,5.52,1262,2.775,0.48,154261.0,302913.0,-148652.0,0
196,52,13.71,319,516,12.78,1451,3.793,0.618,340226.0,139396.0,200830.0,1
197,251,14.05,353,511,14.45,488,17.865,0.691,36106.0,36106.0,0.0,0
198,174,13.5,387,933,14.64,524,12.889,0.415,121250.0,60522.0,60728.0,1
199,238,16.23,295,811,9.9,1308,14.664,0.364,403089.0,204921.0,198168.0,1
200,184,15.3,87,482,5.66,963,12.026,0.18,45024.0,127478.0,-82454.0,0
201,300,16.55,369,999,8.81,1486,18.127,0.369,199823.0,298112.0,-98289.0,0
202,278,15.27,200,864,5.99,634,18.206,0.231,54611.0,149516.0,-94905.0,0
203,130,13.16,385,964,13.88,1247,9.878,0.399,280085.0,166506.0,113579.0,1
204,224,12.99,223,864,5.95,1274,17.244,0.258,119038.0,297676.0,-178638.0,0
205,211,19.44,210,661,11.87,1371,10.854,0.318,380319.0,149630.0,230689.0,1
206,63,9.12,84,493,5.97,1163,6.908,0.17,47661.0,149981.0,-102320.0,0
207,50,15.04,116,969,10.62,1075,3.324,0.12,47142.0,165726.0,-118584.0,0
208,230,12.24,393,525,11.65,1266,18.791,0.749,124646.0,124646.0,0.0,0
209,179,12.22,76,694,10.78,835,14.648,0.11,46235.0,74937.0,-28702.0,0
210,134,18.17,129,893,8.5,1539,7.375,0.144,83511.0,253852.0,-170341.0,0
211,162,14.89,238,517,13.07,1548,10.88,0.46,343171.0,132670.0,210501.0,1
212,33,15.31,368,970,11.58,947,2.155,0.379,105576.0,158825.0,-53249.0,0
213,159,16.43,64,584,8.09,1095,9.677,0.11,41592.0,118942.0,-77350.0,0
214,112,18.44,229,406,10.66,1220,6.074,0.564,227208.0,101832.0,125376.0,1
215,35,9.1,85,545,10.3,1170,3.846,0.156,45044.0,98960.0,-53916.0,0
216,194,9.89,264,864,8.12,1064,19.616,0.306,133816.0,193699.0,-59883.0,0
217,46,9.87,340,486,12.54,501,4.661,0.7,48181.0,48181.0,0.0,0
218,159,13.32,395,483,9.24,1305,11.937,0.818,295640.0,155002.0,140638.0,1
219,130,17.06,262,679,6.14,1280,7.62,0.386,116399.0,235681.0,-119282.0,0
220,269,14.32,106,690,8.08,851,18.785,0.154,51358.0,109718.0,-58360.0,0
221,23,10.45,252,456,14.45,681,2.201,0.553,105039.0,51392.0,53647.0,1
222,187,9.44,180,696,9.97,1281,19.809,0.259,147623.0,155494.0,-7871.0,0
223,214,14.39,139,532,7.3,1544,14.871,0.261,101155.0,178894.0,-77739.0,0
224,56,12.76,392,762,12.42,1293,4.389,0.514,267268.0,157539.0,109729.0,1
225,59,18.35,59,870,10.76,1574,3.215,0.068,45344.0,210610.0,-165266.0,0
226,168,9.38,257,827,5.21,1065,17.91,0.311,121126.0,287498.0,-166372.0,0
227,205,9.06,137,871,13.44,898,22.627,0.157,125479.0,99357.0,26122.0,1
228,288,8.94,273,810,13.71,1095,32.215,0.337,139979.0,139236.0,743.0,0
229,106,8.92,163,741,11.33,1486,11.883,0.22,118184.0,173672.0,-55488.0,0
230,198,12.21,311,598,14.58,702,16.216,0.52,59391.0,59391.0,0.0,0
231,94,11.07,170,505,6.73,713,8.491,0.337,48219.0,86649.0,-38430.0,0
232,110,19.42,385,477,11.28,1350,5.664,0.807,273724.0,142990.0,130734.0,1
233,249,16.17,338,993,13.82,1061,15.399,0.34,389686.0,156388.0,233298.0,1
234,97,13.28,371,723,9.69,1020,7.304,0.513,310489.0,156013.0,154476.0,1
235,200,14.09,190,457,8.1,1325,14.194,0.416,292017.0,130251.0,161766.0,1
236,208,17.98,69,458,5.77,584,11.568,0.151,24994.0,72668.0,-47674.0,0
237,216,13.55,364,919,10.54,484,15.941,0.396,144106.0,79241.0,64865.0,1
238,116,11.86,280,985,9.76,708,9.781,0.284,75669.0,113644.0,-37975.0,0
239,72,17.73,81,861,13.37,572,4.061,0.094,20421.0,60609.0,-40188.0,0
240,40,10.97,308,576,9.38,1299,3.646,0.535,230089.0,159104.0,70985.0,1
241,101,12.37,318,935,14.18,1193,8.165,0.34,229265.0,150546.0,78719.0,1
242,46,17.47,259,746,11.47,534,2.633,0.347,43859.0,64805.0,-20946.0,0
243,217,11.41,218,496,12.24,707,19.018,0.44,108357.0,53772.0,54585.0,1
244,92,19.0,220,483,8.1,1202,4.842,0.455,91646.0,126458.0,-34812.0,0
245,178,14.71,116,486,11.43,1072,12.101,0.239,59116.0,82151.0,-23035.0,0
246,67,15.75,115,939,9.23,1141,4.254,0.122,51527.0,186965.0,-135438.0,0
247,178,10.16,59,771,7.14,1395,17.52,0.077,65308.0,223668.0,-158360.0,0
248,90,9.86,148,631,7.96,607,9.128,0.235,41077.0,78043.0,-36966.0,0
249,289,8.45,309,952,8.37,668,34.201,0.325,110850.0,141138.0,-30288.0,0
250,98,9.95,355,785,13.31,739,9.849,0.452,177620.0,101686.0,75934.0,1
251,230,12.37,274,444,12.2,1309,18.593,0.617,97208.0,97208.0,0.0,0
252,249,10.81,362,691,7.39,1360,23.034,0.524,452839.0,238880.0,213959.0,1
253,245,13.54,149,776,7.82,1182,18.095,0.192,85767.0,182860.0,-97093.0,0
254,234,19.6,307,940,13.17,683,11.939,0.327,231854.0,92806.0,139048.0,1
255,266,18.49,178,453,10.55,610,14.386,0.393,116481.0,49639.0,66842.0,1
256,165,9.01,314,527,6.6,1320,18.313,0.596,337891.0,206775.0,131116.0,1
257,243,9.1,312,550,14.11,1323,26.703,0.567,150154.0,150154.0,0.0,0
258,232,8.64,228,427,10.02,882,26.852,0.534,82643.0,82643.0,0.0,0
259,211,10.69,247,483,8.19,602,19.738,0.511,129207.0,65677.0,63530.0,1
260,94,9.65,382,743,7.87,1367,9.741,0.514,293480.0,244922.0,48558.0,1
261,249,15.38,121,880,14.06,438,16.19,0.138,26956.0,45550.0,-18594.0,0
262,96,14.59,181,620,12.27,1480,6.58,0.292,98548.0,146188.0,-47640.0,0
263,167,10.85,266,513,6.22,888,15.392,0.519,95434.0,133265.0,-37831.0,0
264,52,9.33,264,868,14.05,1497,5.573,0.304,270892.0,185452.0,85440.0,1
265,143,16.62,58,927,7.91,403,8.604,0.063,14084.0,65988.0,-51904.0,0
266,143,14.85,364,761,6.87,575,9.63,0.478,68663.0,110825.0,-42162.0,0
267,54,19.44,318,769,10.44,1439,2.778,0.414,144345.0,212941.0,-68596.0,0
268,219,18.48,333,420,5.44,1192,11.851,0.793,271441.0,171720.0,99721.0,1
269,28,12.29,241,659,5.68,893,2.278,0.366,71080.0,172193.0,-101113.0,0
270,190,9.6,386,506,8.52,1093,19.792,0.763,167588.0,151398.0,16190.0,1
271,257,19.77,379,579,9.79,773,12.999,0.655,197182.0,95827.0,101355.0,1
272,254,8.44,119,464,7.02,808,30.095,0.256,139758.0,86749.0,53009.0,1
273,178,14.18,71,723,14.89,1512,12.553,0.098,81022.0,105298.0,-24276.0,0
274,38,17.04,292,659,6.91,1131,2.23,0.443,103429.0,184065.0,-80636.0,0
275,159,9.49,74,739,8.68,1219,16.754,0.1,70838.0,152116.0,-81278.0,0
276,193,19.68,275,795,9.96,1418,9.807,0.346,140805.0,215352.0,-74547.0,0
277,156,17.61,238,931,12.27,561,8.859,0.256,47829.0,75799.0,-27970.0,0
278,299,11.53,270,584,6.03,1071,25.932,0.462,130918.0,181224.0,-50306.0,0
279,176,13.35,388,702,12.18,741,13.184,0.553,173433.0,84437.0,88996.0,1
280,248,8.51,277,759,13.7,1122,29.142,0.365,137353.0,134844.0,2509.0,1
281,160,15.67,364,845,12.91,517,10.211,0.431,151609.0,65945.0,85664.0,1
282,206,14.16,88,815,12.5,727,14.548,0.108,36272.0,79678.0,-43406.0,0
283,244,8.42,65,546,5.67,1150,28.979,0.119,76906.0,171015.0,-94109.0,0
284,36,15.26,235,792,11.79,1159,2.359,0.297,87775.0,154280.0,-66505.0,0
285,59,14.89,240,854,10.29,1215,3.962,0.281,96704.0,187552.0,-90848.0,0
286,147,19.53,210,685,5.26,781,7.527,0.307,60210.0,162531.0,-102321.0,0
287,218,18.96,305,930,6.18,933,11.498,0.328,101524.0,229586.0,-128062.0,0
288,166,16.33,278,619,14.99,809,10.165,0.449,197552.0,68954.0,128598.0,1
289,57,13.42,112,538,13.99,1311,4.247,0.208,98295.0,78603.0,19692.0,1
290,197,16.51,94,727,10.5,994,11.932,0.129,48914.0,113350.0,-64436.0,0
291,109,17.52,203,561,10.09,648,6.221,0.362,46849.0,66889.0,-20040.0,0
292,141,17.48,152,542,5.26,1534,8.066,0.28,94055.0,254082.0,-160027.0,0
293,259,17.64,343,777,10.52,576,14.683,0.441,165773.0,82541.0,83232.0,1
294,223,20.0,83,716,12.19,1476,11.15,0.116,71044.0,151319.0,-80275.0,0
295,57,9.5,260,819,8.17,551,6.0,0.317,54442.0,93222.0,-38780.0,0
296,284,12.13,280,877,13.78,1529,23.413,0.319,365943.0,182067.0,183876.0,1
297,86,13.19,377,586,14.11,513,6.52,0.643,99056.0,44867.0,54189.0,1
298,98,11.65,113,930,6.62,861,8.412,0.122,43003.0,180557.0,-137554.0,0
299,165,18.15,227,931,7.51,1528,9.091,0.244,128076.0,302426.0,-174350.0,0
300,175,15.37,190,528,5.93,745,11.386,0.36,55404.0,105378.0,-49974.0,0
301,98,10.05,353,994,11.24,1091,9.751,0.355,211950.0,187552.0,24398.0,1
302,34,8.97,338,442,14.49,1581,3.79,0.765,142358.0,142358.0,0.0,0
303,233,15.42,185,615,5.3,1517,15.11,0.301,119404.0,285442.0,-166038.0,0
304,267,10.94,198,709,13.07,1231,24.406,0.279,256804.0,122891.0,133913.0,1
305,57,16.26,202,864,6.58,1251,3.506,0.234,85816.0,260118.0,-174302.0,0
306,124,12.08,297,875,6.44,1053,10.265,0.339,112807.0,238280.0,-125473.0,0
307,86,17.13,226,808,10.15,617,5.02,0.28,47268.0,86176.0,-38908.0,0
308,258,9.47,213,647,9.5,688,27.244,0.329,151603.0,80334.0,71269.0,1
309,168,19.34,99,451,13.64,1256,8.687,0.22,236620.0,71636.0,164984.0,1
310,187,19.21,177,563,12.21,788,9.735,0.314,178042.0,68320.0,109722.0,1
311,283,13.6,131,910,13.79,1418,20.809,0.144,116612.0,139059.0,-22447.0,0
312,221,14.07,61,492,14.67,840,15.707,0.124,88782.0,40453.0,48329.0,1
313,44,8.61,348,761,9.95,1363,5.11,0.457,289869.0,229643.0,60226.0,1
314,24,18.17,196,949,9.31,941,1.321,0.207,59267.0,159989.0,-100722.0,0
315,207,8.54,237,812,5.51,1550,24.239,0.292,187693.0,394013.0,-206320.0,0
316,167,8.88,149,771,10.04,1526,18.806,0.193,130817.0,207559.0,-76742.0,0
317,85,19.7,193,521,8.94,1094,4.315,0.37,74598.0,115296.0,-40698.0,0
318,93,10.39,335,774,10.09,1424,8.951,0.433,290980.0,209311.0,81669.0,1
319,39,9.64,70,446,8.33,1370,4.046,0.157,46098.0,112555.0,-66457.0,0
320,96,15.28,315,867,10.16,1071,6.283,0.363,110602.0,174975.0,-64373.0,0
321,103,12.72,363,726,11.17,1012,8.097,0.5,208798.0,127705.0,81093.0,1
322,279,17.94,353,744,10.32,1552,15.552,0.474,483731.0,231954.0,251777.0,1
323,28,12.42,203,886,11.74,1253,2.254,0.229,88033.0,150303.0,-62270.0,0
324,33,15.16,348,715,7.66,1584,2.177,0.487,169872.0,261237.0,-91365.0,0
325,46,15.0,345,633,6.71,1178,3.067,0.545,126719.0,196316.0,-69597.0,0
326,36,14.87,125,648,12.01,790,2.421,0.193,35334.0,74741.0,-39407.0,0
327,180,13.03,59,851,9.13,817,13.814,0.069,33250.0,117494.0,-84244.0,0
328,261,18.47,260,913,12.36,527,14.131,0.285,121817.0,69243.0,52574.0,1
329,126,14.73,120,931,14.98,1379,8.554,0.129,81231.0,128289.0,-47058.0,0
330,180,19.48,319,785,9.6,1491,9.24,0.406,464666.0,232738.0,231928.0,1
331,201,16.11,225,959,13.68,941,12.477,0.235,80942.0,125354.0,-44412.0,0
332,118,19.49,362,895,7.79,1011,6.054,0.404,118297.0,197265.0,-78968.0,0
333,167,16.46,165,704,11.9,1401,10.146,0.234,93940.0,155563.0,-61623.0,0
334,198,14.73,212,891,14.34,960,13.442,0.238,153238.0,93704.0,59534.0,1
335,298,12.56,197,524,14.8,1106,23.726,0.376,75019.0,75019.0,0.0,0
336,41,11.45,124,697,12.14,1109,3.581,0.178,54587.0,101821.0,-47234.0,0
337,265,10.57,276,662,13.28,955,25.071,0.417,175428.0,101430.0,73998.0,1
338,90,9.31,337,678,12.41,890,9.667,0.497,217352.0,112455.0,104897.0,1
339,291,10.71,174,451,7.33,605,27.171,0.386,127592.0,66038.0,61554.0,1
340,261,9.21,261,738,12.71,410,28.339,0.354,63210.0,46867.0,16343.0,1
341,228,15.83,331,561,13.81,1374,14.403,0.59,179876.0,129338.0,50538.0,1
342,167,11.85,294,604,11.46,583,14.093,0.487,119632.0,58993.0,60639.0,1
343,138,14.42,383,987,12.23,476,9.57,0.388,143320.0,73163.0,70157.0,1
344,110,19.21,139,827,5.36,1213,5.726,0.168,66958.0,294377.0,-227419.0,0
345,168,18.52,303,590,5.09,1563,9.071,0.514,163942.0,311527.0,-147585.0,0
346,191,11.41,358,509,14.89,1512,16.74,0.703,142741.0,142741.0,0.0,0
347,88,18.21,318,905,9.68,794,4.833,0.351,81069.0,132396.0,-51327.0,0
348,103,16.77,107,738,11.48,781,6.142,0.145,35464.0,84959.0,-49495.0,0
349,171,14.81,57,745,12.57,759,11.546,0.077,28469.0,73467.0,-44998.0,0
350,238,14.18,362,815,5.87,595,16.784,0.444,76825.0,135759.0,-58934.0,0
351,264,11.88,144,543,7.48,934,22.222,0.265,72487.0,109536.0,-37049.0,0
352,248,17.05,246,641,14.54,1018,14.545,0.384,242946.0,89478.0,153468.0,1
353,25,11.14,348,986,8.6,883,2.244,0.353,103793.0,177252.0,-73459.0,0
354,258,11.68,81,521,9.05,1429,22.089,0.155,105307.0,125997.0,-20690.0,0
355,171,12.41,209,520,7.21,673,13.779,0.402,56694.0,84194.0,-27500.0,0
356,252,16.97,294,556,11.06,1251,14.85,0.529,309689.0,137017.0,172672.0,1
357,295,17.62,331,882,13.26,906,16.742,0.375,300311.0,121782.0,178529.0,1
358,289,13.36,398,483,12.04,559,21.632,0.824,49446.0,49446.0,0.0,0
359,51,17.95,338,514,14.03,814,2.841,0.658,179410.0,66707.0,112703.0,1
360,96,9.97,343,949,13.54,1304,9.629,0.361,306366.0,185105.0,121261.0,1
361,270,9.09,109,610,10.1,513,29.703,0.179,84110.0,48744.0,35366.0,1
362,282,12.99,282,535,10.64,1544,21.709,0.527,367554.0,143853.0,223701.0,1
363,31,12.75,286,715,13.16,846,2.431,0.4,128648.0,84235.0,44413.0,1
364,43,13.08,346,474,12.0,1508,3.287,0.73,268165.0,130425.0,137740.0,1
365,261,8.38,80,470,9.09,677,31.146,0.17,108988.0,54661.0,54327.0,1
366,211,19.91,378,830,8.82,1173,10.598,0.455,430262.0,200271.0,229991.0,1
367,296,9.6,242,482,13.6,642,30.833,0.502,53056.0,53056.0,0.0,0
368,221,14.35,141,950,12.28,856,15.401,0.148,56272.0,118381.0,-62109.0,0
369,172,13.56,51,423,12.19,1268,12.684,0.121,59908.0,63298.0,-3390.0,0
370,137,10.97,322,788,8.46,964,12.489,0.409,124123.0,159052.0,-34929.0,0
371,36,17.71,146,515,9.19,432,2.033,0.283,21686.0,40416.0,-18730.0,0
372,54,9.21,173,611,5.34,499,5.863,0.283,34197.0,93837.0,-59640.0,0
373,225,13.27,175,445,10.4,515,16.956,0.393,92885.0,42177.0,50708.0,1
374,168,10.81,121,915,14.16,1579,15.541,0.132,113615.0,175698.0,-62083.0,0
375,184,10.84,213,991,13.76,1467,16.974,0.215,161246.0,204257.0,-43011.0,0
376,173,11.3,163,823,10.57,758,15.31,0.198,62786.0,89855.0,-27069.0,0
377,273,8.56,370,837,8.44,1180,31.893,0.442,392109.0,232502.0,159607.0,1
378,233,12.9,318,726,8.0,776,18.062,0.438,93669.0,123883.0,-30214.0,0
379,143,18.19,325,884,8.01,695,7.861,0.368,75114.0,125698.0,-50584.0,0
380,231,19.61,287,459,10.57,674,11.78,0.625,110829.0,63034.0,47795.0,1
381,150,10.44,248,648,11.47,1321,14.368,0.383,253045.0,145203.0,107842.0,1
382,294,16.7,239,494,6.9,949,17.605,0.484,228283.0,118185.0,110098.0,1
383,57,10.26,243,440,12.62,1544,5.556,0.552,255023.0,128600.0,126423.0,1
384,126,18.43,161,890,8.33,431,6.837,0.181,26591.0,71402.0,-44811.0,0
385,80,16.96,158,594,12.54,896,4.717,0.266,51838.0,78229.0,-26391.0,0
386,223,18.98,359,609,10.52,979,11.749,0.589,256949.0,123624.0,133325.0,1
387,293,15.78,244,877,8.08,1136,18.568,0.278,113155.0,200247.0,-87092.0,0
388,258,9.18,312,909,14.81,1361,28.105,0.343,185374.0,172358.0,13016.0,1
389,209,11.76,213,608,5.46,853,17.772,0.35,78457.0,156797.0,-78340.0,0
390,153,14.64,124,416,10.84,1255,10.451,0.298,231101.0,90423.0,140678.0,1
391,120,11.96,201,556,8.8,903,10.033,0.362,70344.0,104793.0,-34449.0,0
392,192,11.09,305,963,13.22,1404,17.313,0.317,326008.0,200425.0,125583.0,1
393,200,10.03,285,572,12.2,1400,19.94,0.498,261102.0,150880.0,110222.0,1
394,50,14.29,144,955,13.39,552,3.499,0.151,28460.0,68370.0,-39910.0,0
395,23,12.95,392,449,13.43,873,1.776,0.873,69792.0,69792.0,0.0,0
396,24,10.62,84,554,9.56,523,2.26,0.152,18018.0,45348.0,-27330.0,0
397,269,8.19,366,894,10.32,1242,32.845,0.409,456429.0,234978.0,221451.0,1
398,291,16.67,56,417,10.36,987,17.457,0.134,45410.0,64503.0,-19093.0,0
399,240,17.67,58,914,14.1,619,13.582,0.063,26254.0,64640.0,-38386.0,0
400,96,10.89,99,936,11.2,916,8.815,0.106,46331.0,112447.0,-66116.0,0
401,223,8.95,231,673,14.59,1340,24.916,0.343,205956.0,141487.0,64469.0,1
402,135,11.6,339,649,13.28,565,11.638,0.522,124499.0,57632.0,66867.0,1
403,67,12.86,384,432,8.77,1374,5.21,0.889,309643.0,153408.0,156235.0,1
404,107,8.99,78,409,13.45,1078,11.902,0.191,111802.0,55653.0,56149.0,1
405,290,19.03,339,497,7.3,1560,15.239,0.682,380004.0,199090.0,180914.0,1
406,43,19.09,293,677,11.84,974,2.252,0.433,270818.0,114415.0,156403.0,1
407,36,10.15,328,977,13.5,432,3.547,0.336,77222.0,61831.0,15391.0,1
408,223,19.15,156,547,7.99,1554,11.645,0.285,106435.0,174242.0,-67807.0,0
409,219,16.12,173,980,10.41,1186,13.586,0.177,86886.0,198224.0,-111338.0,0
410,276,16.95,121,480,8.46,600,16.283,0.252,37628.0,56217.0,-18589.0,0
411,58,12.09,273,637,12.69,1212,4.797,0.429,191625.0,115276.0,76349.0,1
412,159,17.4,217,430,9.51,867,9.138,0.505,166097.0,77288.0,88809.0,1
413,212,13.18,232,966,11.8,1178,16.085,0.24,125371.0,159858.0,-34487.0,0
414,146,16.56,93,702,5.82,715,8.816,0.132,32091.0,127448.0,-95357.0,0
415,219,11.8,244,557,6.07,410,18.559,0.438,41500.0,67241.0,-25741.0,0
416,204,17.14,207,855,6.02,578,11.902,0.242,46669.0,134916.0,-88247.0,0
417,249,14.68,145,841,10.12,611,16.962,0.172,42082.0,84199.0,-42117.0,0
418,201,14.65,63,491,10.97,1064,13.72,0.128,44720.0,79143.0,-34423.0,0
419,169,12.97,247,412,12.79,1545,13.03,0.6,101457.0,101457.0,0.0,0
420,286,10.03,174,985,8.81,684,28.514,0.177,73421.0,122950.0,-49529.0,0
421,157,13.92,187,708,5.63,1290,11.279,0.264,95607.0,260260.0,-164653.0,0
422,173,13.81,191,831,5.77,915,12.527,0.23,69958.0,207526.0,-137568.0,0
423,120,13.49,176,907,6.35,413,8.895,0.194,27732.0,90190.0,-62458.0,0
424,214,17.65,252,740,8.3,1085,12.125,0.341,102300.0,163035.0,-60735.0,0
425,173,11.85,270,539,14.47,811,14.599,0.501,65721.0,65721.0,0.0,0
426,110,19.57,295,721,14.69,996,5.621,0.409,278486.0,98317.0,180169.0,1
427,144,11.91,374,902,7.8,1204,12.091,0.415,161354.0,246710.0,-85356.0,0
428,122,15.11,236,516,10.46,1526,8.074,0.457,350522.0,155829.0,194693.0,1
429,127,13.26,63,872,7.91,541,9.578,0.072,19699.0,84852.0,-65153.0,0
430,91,15.6,259,911,7.42,715,5.833,0.284,61814.0,136845.0,-75031.0,0
431,57,13.39,266,786,10.98,1592,4.257,0.338,146231.0,198295.0,-52064.0,0
432,279,19.08,255,947,13.7,1256,14.623,0.269,465960.0,172747.0,293213.0,1
433,204,16.42,328,437,13.12,574,12.424,0.751,52284.0,45283.0,7001.0,1
434,201,10.0,105,654,11.13,1553,20.1,0.161,116568.0,144348.0,-27780.0,0
435,189,19.59,380,809,9.3,421,9.648,0.47,108970.0,67870.0,41100.0,1
436,133,14.13,100,664,10.19,1588,9.413,0.151,74882.0,177272.0,-102390.0,0
437,248,12.49,344,626,9.63,1424,19.856,0.55,403161.0,195475.0,207686.0,1
438,32,13.79,127,753,7.95,575,2.321,0.169,25891.0,80821.0,-54930.0,0
439,198,11.74,109,545,9.55,823,16.865,0.2,58744.0,70108.0,-11364.0,0
440,198,13.71,316,894,9.38,1326,14.442,0.353,153099.0,232807.0,-79708.0,0
441,173,8.54,213,468,12.11,446,20.258,0.455,39042.0,39042.0,0.0,0
442,104,19.16,225,511,12.4,1456,5.428,0.44,318531.0,125463.0,193068.0,1
443,101,11.97,139,965,9.26,1346,8.438,0.144,77754.0,232760.0,-155006.0,0
444,114,10.24,168,814,11.57,1210,11.133,0.206,95003.0,144971.0,-49968.0,0
445,250,15.11,64,602,8.89,839,16.545,0.106,38585.0,88308.0,-49723.0,0
446,52,14.93,155,685,13.0,1499,3.483,0.226,82840.0,149828.0,-66988.0,0
447,186,10.36,145,774,6.14,1402,17.954,0.187,104694.0,281261.0,-176567.0,0
448,218,15.34,320,720,10.87,1112,14.211,0.444,330242.0,152997.0,177245.0,1
449,108,17.76,230,868,12.06,1009,6.081,0.265,80802.0,137159.0,-56357.0,0
450,88,11.76,364,486,7.39,639,7.483,0.749,149060.0,87499.0,61561.0,1
451,92,14.13,143,782,9.18,682,6.511,0.183,37720.0,94451.0,-56731.0,0
452,236,10.23,344,792,11.36,754,23.069,0.434,204684.0,105796.0,98888.0,1
453,270,11.47,334,570,6.87,1323,23.54,0.586,376432.0,205846.0,170586.0,1
454,203,19.42,367,454,9.85,799,10.453,0.808,136092.0,83473.0,52619.0,1
455,278,15.84,246,975,9.09,1407,17.551,0.252,139299.0,256764.0,-117465.0,0
456,270,10.01,262,854,10.65,851,26.973,0.307,198992.0,122905.0,76087.0,1
457,160,10.7,199,433,7.89,1336,14.953,0.46,288929.0,135346.0,153583.0,1
458,281,9.36,339,907,6.14,1512,30.021,0.374,242737.0,399759.0,-157022.0,0
459,41,17.12,237,955,9.41,847,2.395,0.248,64366.0,146450.0,-82084.0,0
460,146,11.57,267,504,14.99,1321,12.619,0.53,107053.0,107053.0,0.0,0
461,64,13.27,184,756,14.94,885,4.823,0.243,61065.0,72590.0,-11525.0,0
462,239,9.99,157,759,6.39,823,23.924,0.207,71617.0,155625.0,-84008.0,0
463,199,14.39,155,460,10.97,744,13.829,0.337,142904.0,58430.0,84474.0,1
464,168,14.87,215,699,14.52,1453,11.298,0.308,228368.0,118480.0,109888.0,1
465,89,19.55,397,497,12.86,521,4.552,0.799,90672.0,45756.0,44916.0,1
466,87,11.0,191,529,12.11,906,7.909,0.361,122949.0,72962.0,49987.0,1
467,270,9.71,396,802,11.32,1248,27.806,0.494,355736.0,196920.0,158816.0,1
468,58,15.6,242,862,13.8,590,3.718,0.281,46539.0,69249.0,-22710.0,0
469,162,16.34,256,927,13.77,1331,9.914,0.276,501840.0,179758.0,322082.0,1
470,21,18.43,299,735,13.47,590,1.139,0.407,161680.0,62810.0,98870.0,1
471,52,17.55,284,766,8.98,1279,2.963,0.371,116387.0,194813.0,-78426.0,0
472,157,11.87,158,906,7.84,1520,13.227,0.174,106336.0,276783.0,-170447.0,0
473,268,17.46,345,533,13.94,499,15.349,0.647,50362.0,41611.0,8751.0,1
474,255,8.2,73,501,14.29,723,31.098,0.146,44400.0,44400.0,0.0,0
475,20,19.9,275,867,9.28,670,1.005,0.317,56284.0,108071.0,-51787.0,0
476,101,18.49,382,709,13.77,591,5.462,0.539,159468.0,63022.0,96446.0,1
477,148,8.99,385,769,11.65,738,16.463,0.501,225341.0,113198.0,112143.0,1
478,176,16.71,76,805,12.55,1279,10.533,0.094,54552.0,140956.0,-86404.0,0
479,68,8.01,385,493,9.77,671,8.489,0.781,134842.0,92264.0,42578.0,1
480,285,16.16,353,631,5.09,1103,17.636,0.559,141898.0,240634.0,-98736.0,0
481,87,13.73,111,832,7.29,582,6.336,0.133,26790.0,98353.0,-71563.0,0
482,180,12.41,102,505,7.99,1183,14.504,0.202,64721.0,117511.0,-52790.0,0
483,55,14.37,118,546,5.08,736,3.827,0.216,32923.0,120502.0,-87579.0,0
484,129,15.54,275,759,6.51,1243,8.301,0.362,117963.0,240870.0,-122907.0,0
485,131,9.04,365,853,6.0,652,14.491,0.428,95588.0,164449.0,-68861.0,0
486,199,19.56,351,793,8.15,686,10.174,0.443,81861.0,114206.0,-32345.0,0
487,63,10.98,176,683,11.01,983,5.738,0.258,68552.0,100703.0,-32151.0,0
488,125,14.21,63,708,10.1,1202,8.797,0.089,42970.0,137584.0,-94614.0,0
489,142,13.94,201,455,6.13,1423,10.187,0.442,109404.0,178060.0,-68656.0,0
490,290,18.66,376,472,5.12,1139,15.541,0.797,296539.0,196332.0,100207.0,1
491,218,18.33,212,535,10.68,1148,11.893,0.396,262730.0,114987.0,147743.0,1
492,261,19.45,329,576,12.7,434,13.419,0.571,74122.0,40909.0,33213.0,1
493,27,11.15,350,469,5.4,523,2.422,0.746,60113.0,90382.0,-30269.0,0
494,166,15.54,253,918,10.01,1250,10.682,0.276,114790.0,211752.0,-96962.0,0
495,62,15.69,266,811,10.38,712,3.952,0.328,61126.0,102381.0,-41255.0,0
496,178,8.95,192,485,14.21,718,19.888,0.396,54743.0,54743.0,0.0,0
497,220,15.04,324,734,12.63,535,14.628,0.441,146482.0,62272.0,84210.0,1
498,142,8.69,208,847,5.86,1289,16.341,0.246,126621.0,311084.0,-184463.0,0
499,48,11.71,109,864,12.42,759,4.099,0.126,34321.0,78734.0,-44413.0,0
500,90,16.42,111,412,6.64,1110,5.481,0.269,50903.0,108251.0,-57348.0,0
501,152,10.0,317,929,6.27,950,15.2,0.341,120837.0,240927.0,-120090.0,0
502,191,17.69,110,430,7.72,530,10.797,0.256,28079.0,47212.0,-19133.0,0
503,59,13.95,184,990,10.11,513,4.229,0.186,32721.0,83455.0,-50734.0,0
504,105,12.41,305,980,7.55,610,8.461,0.311,64260.0,130470.0,-66210.0,0
505,136,16.89,343,518,5.03,425,8.052,0.662,47315.0,82700.0,-35385.0,0
506,261,12.37,175,447,14.2,766,21.099,0.391,45448.0,45126.0,322.0,0
507,234,10.69,68,966,7.48,1055,21.89,0.07,57897.0,199337.0,-141440.0,0
508,210,9.43,188,479,11.73,507,22.269,0.392,64513.0,40147.0,24366.0,1
509,284,19.78,141,628,14.54,541,14.358,0.225,123787.0,40511.0,83276.0,1
510,179,11.93,288,689,10.53,416,15.004,0.418,83949.0,47898.0,36051.0,1
511,169,14.77,238,605,8.04,896,11.442,0.393,78776.0,117209.0,-38433.0,0
512,272,19.97,287,777,12.76,1519,13.62,0.369,468574.0,191968.0,276606.0,1
513,23,19.19,175,554,5.24,1509,1.199,0.316,86501.0,259210.0,-172709.0,0
514,191,8.02,227,409,11.57,1029,23.815,0.555,92547.0,92547.0,0.0,0
515,291,19.8,103,610,9.2,522,14.697,0.169,30563.0,55164.0,-24601.0,0
516,67,8.53,122,686,7.31,1464,7.855,0.178,85653.0,223183.0,-137530.0,0
517,254,19.69,261,781,5.85,595,12.9,0.334,58850.0,134699.0,-75849.0,0
518,221,8.9,308,536,10.68,1290,24.831,0.575,230309.0,156528.0,73781.0,1
519,141,11.5,389,533,13.51,1204,12.261,0.73,120085.0,120085.0,0.0,0
520,251,11.26,217,725,5.75,815,22.291,0.299,81898.0,167901.0,-86003.0,0
521,75,9.86,119,998,6.64,1354,7.606,0.119,71392.0,313505.0,-242113.0,0
522,81,14.43,210,816,14.65,825,5.613,0.257,101788.0,73082.0,28706.0,1
523,257,11.18,281,715,6.2,722,22.987,0.393,87181.0,139005.0,-51824.0,0
524,130,18.03,205,441,8.28,586,7.21,0.465,112619.0,57642.0,54977.0,1
525,222,14.16,177,764,11.77,932,15.678,0.232,71484.0,111625.0,-40141.0,0
526,227,18.26,139,431,10.56,1526,12.432,0.323,290002.0,118258.0,171744.0,1
527,256,9.22,177,496,12.94,648,27.766,0.357,50070.0,50070.0,0.0,0
528,133,9.57,56,463,13.24,1162,13.898,0.121,66471.0,65257.0,1214.0,1
529,152,19.01,372,486,5.75,532,7.996,0.765,124114.0,89731.0,34383.0,1
530,85,9.1,151,854,13.47,1079,9.341,0.177,75563.0,122471.0,-46908.0,0
531,256,8.61,112,443,14.24,1287,29.733,0.253,74209.0,74209.0,0.0,0
532,35,12.59,252,908,9.27,1124,2.78,0.278,93696.0,196697.0,-103001.0,0
533,160,11.36,159,591,13.83,470,14.085,0.269,67945.0,34346.0,33599.0,1
534,171,13.99,364,651,13.83,1381,12.223,0.559,310213.0,128379.0,181834.0,1
535,163,12.6,81,489,9.19,1476,12.937,0.166,68397.0,131087.0,-62690.0,0
536,29,19.87,177,956,12.82,1135,1.459,0.185,66440.0,157455.0,-91015.0,0
537,268,12.13,295,957,10.66,1058,22.094,0.308,231890.0,158219.0,73671.0,1
538,112,8.31,248,676,10.97,460,13.478,0.367,93612.0,56773.0,36839.0,1
539,261,14.35,193,459,12.67,876,18.188,0.42,85054.0,63956.0,21098.0,1
540,146,15.88,131,502,7.67,514,9.194,0.261,28599.0,53954.0,-25355.0,0
541,218,12.26,162,989,13.39,755,17.781,0.164,62514.0,85303.0,-22789.0,0
542,182,17.67,140,642,11.98,457,10.3,0.218,27681.0,42141.0,-14460.0,0
543,92,14.76,230,981,6.88,1408,6.233,0.234,112422.0,318349.0,-205927.0,0
544,109,13.89,327,716,5.9,876,7.847,0.457,95379.0,179792.0,-84413.0,0
545,30,14.32,358,624,5.01,812,2.095,0.574,88518.0,175706.0,-87188.0,0
546,110,19.03,116,748,13.44,1062,5.78,0.155,51671.0,104175.0,-52504.0,0
547,95,15.04,80,422,14.17,627,6.316,0.19,23497.0,30929.0,-7432.0,0
548,57,12.48,319,773,14.42,1210,4.567,0.413,212997.0,131849.0,81148.0,1
549,192,11.62,350,503,6.36,722,16.523,0.696,181773.0,110178.0,71595.0,1
550,182,10.09,273,898,14.69,1130,18.038,0.304,262046.0,152419.0,109627.0,1
551,213,11.68,164,579,11.88,660,18.236,0.283,105273.0,52554.0,52719.0,1
552,220,18.21,140,401,12.71,1562,12.081,0.349,210772.0,94627.0,116145.0,1
553,182,19.05,66,586,14.68,852,9.554,0.113,34164.0,54984.0,-20820.0,0
554,73,19.24,377,979,6.41,559,3.794,0.385,64961.0,144446.0,-79485.0,0
555,183,10.01,171,755,13.85,581,18.282,0.226,98564.0,58697.0,39867.0,1
556,248,8.14,393,743,7.1,538,30.467,0.529,181041.0,110453.0,70588.0,1
557,75,16.64,229,662,5.48,1297,4.507,0.346,100575.0,257772.0,-157197.0,0
558,231,13.92,264,570,8.79,1518,16.595,0.463,393678.0,183290.0,210388.0,1
559,265,17.46,242,503,10.78,861,15.178,0.481,186502.0,82215.0,104287.0,1
560,57,17.59,133,862,5.33,441,3.24,0.154,21425.0,108281.0,-86856.0,0
561,73,8.89,213,667,6.7,1168,8.211,0.319,105017.0,199362.0,-94345.0,0
562,300,19.3,132,476,14.78,1092,15.544,0.277,107931.0,63787.0,44144.0,1
563,35,13.18,354,894,11.54,1289,2.656,0.396,228238.0,185044.0,43194.0,1
564,71,11.97,130,454,14.74,1238,5.931,0.286,120298.0,69413.0,50885.0,1
565,155,15.93,333,953,7.97,596,9.73,0.349,66255.0,119375.0,-53120.0,0
566,271,9.84,75,802,8.61,1275,27.541,0.094,99070.0,172853.0,-73783.0,0
567,265,10.4,94,701,5.26,749,25.481,0.134,50769.0,150332.0,-99563.0,0
568,61,13.68,376,698,6.16,1214,4.459,0.539,145497.0,242898.0,-97401.0,0
569,155,9.09,291,900,10.44,778,17.052,0.323,133285.0,128106.0,5179.0,1
570,209,10.24,239,790,5.45,1300,20.41,0.303,141686.0,316528.0,-174842.0,0
571,135,18.04,288,669,10.64,709,7.483,0.43,190532.0,87560.0,102972.0,1
572,63,16.02,391,499,13.08,1247,3.933,0.784,233416.0,119755.0,113661.0,1
573,51,18.09,351,632,13.18,1257,2.819,0.555,333073.0,136641.0,196432.0,1
574,140,13.72,324,886,5.79,471,10.204,0.366,51932.0,120793.0,-68861.0,0
575,284,17.61,307,984,11.78,701,16.127,0.312,230980.0,110552.0,120428.0,1
576,108,19.39,111,859,6.67,833,5.57,0.129,39047.0,157995.0,-118948.0,0
577,41,13.08,148,529,14.88,1291,3.135,0.28,119460.0,79995.0,39465.0,1
578,152,11.84,153,551,12.27,537,12.838,0.278,70761.0,40697.0,30064.0,1
579,223,14.62,94,797,13.57,1464,15.253,0.118,77818.0,152172.0,-74354.0,0
580,287,17.38,284,412,6.13,706,16.513,0.689,144737.0,88352.0,56385.0,1
581,71,19.1,125,980,10.63,606,3.717,0.128,29076.0,94376.0,-65300.0,0
582,196,18.53,196,948,7.64,1394,10.577,0.207,108308.0,270645.0,-162337.0,0
583,39,10.07,342,884,9.03,1222,3.873,0.387,149868.0,223499.0,-73631.0,0
584,189,16.29,69,805,5.49,1373,11.602,0.086,57396.0,306276.0,-248880.0,0
585,30,12.05,187,781,12.94,1036,2.49,0.239,68178.0,104499.0,-36321.0,0
586,70,19.67,193,903,7.28,1015,3.559,0.214,67986.0,196236.0,-128250.0,0
587,157,16.75,276,728,11.05,582,9.373,0.379,162528.0,72242.0,90286.0,1
588,128,18.96,146,852,9.07,1392,6.751,0.171,81354.0,215271.0,-133917.0,0
589,48,14.18,314,782,6.59,1037,3.385,0.402,103486.0,206251.0,-102765.0,0
590,89,17.37,309,813,10.24,1564,5.124,0.38,157734.0,245661.0,-87927.0,0
591,118,18.5,64,577,7.01,518,6.378,0.111,17910.0,62430.0,-44520.0,0
592,253,8.61,177,433,8.6,807,29.384,0.409,158108.0,75670.0,82438.0,1
593,257,14.06,190,777,11.35,653,18.279,0.245,54472.0,81420.0,-26948.0,0
594,143,12.47,398,431,10.94,763,11.468,0.923,68660.0,68660.0,0.0,0
595,199,12.13,292,1000,13.38,929,16.406,0.292,191626.0,123729.0,67897.0,1
596,34,12.64,96,691,6.63,1571,2.69,0.139,58657.0,249717.0,-191060.0,0
597,135,16.13,159,626,7.69,1238,8.369,0.254,77777.0,160170.0,-82393.0,0
598,24,13.69,312,420,6.32,754,1.753,0.743,164469.0,95999.0,68470.0,1
599,134,11.03,357,408,13.05,1025,12.149,0.875,80516.0,80516.0,0.0,0
600,236,18.75,379,681,13.52,1340,12.587,0.557,343687.0,154549.0,189138.0,1
601,258,11.63,179,623,10.21,1213,22.184,0.287,220884.0,121946.0,98938.0,1
602,23,14.14,349,504,11.62,1166,1.627,0.692,273225.0,121205.0,152020.0,1
603,172,16.21,337,689,9.82,1088,10.611,0.489,315163.0,153826.0,161337.0,1
604,161,11.13,191,732,12.11,1011,14.465,0.261,153932.0,107089.0,46843.0,1
605,284,17.19,146,553,14.0,1227,16.521,0.264,252718.0,87885.0,164833.0,1
606,91,16.66,388,727,11.55,1005,5.462,0.534,297004.0,136770.0,160234.0,1
607,227,12.66,182,828,5.35,1571,17.93,0.22,130101.0,385104.0,-255003.0,0
608,133,16.24,147,751,11.38,1374,8.19,0.196,81672.0,164394.0,-82722.0,0
609,279,11.6,393,767,6.7,1543,24.052,0.512,243547.0,321379.0,-77832.0,0
610,69,13.65,142,700,12.41,1544,5.055,0.203,82863.0,161298.0,-78435.0,0
611,65,10.67,143,743,7.23,1028,6.092,0.192,58743.0,166001.0,-107258.0,0
612,210,11.13,265,739,7.94,641,18.868,0.359,70704.0,104880.0,-34176.0,0
613,56,13.67,290,454,6.95,645,4.097,0.639,134521.0,80495.0,54026.0,1
614,291,11.58,398,790,5.54,708,25.13,0.504,112198.0,176943.0,-64745.0,0
615,195,12.91,120,605,10.69,1337,15.105,0.198,93889.0,120703.0,-26814.0,0
616,112,17.35,123,723,9.88,762,6.455,0.17,38415.0,91819.0,-53404.0,0
617,22,13.42,210,459,7.09,745,1.639,0.458,50620.0,80524.0,-29904.0,0
618,270,17.42,345,562,12.8,665,15.499,0.614,81347.0,65319.0,16028.0,1
619,239,12.84,364,844,14.65,1185,18.614,0.431,301114.0,135465.0,165649.0,1
620,293,10.39,52,438,8.73,428,28.2,0.119,57185.0,30457.0,26728.0,1
621,117,8.21,214,943,5.04,909,14.251,0.227,90216.0,283155.0,-192939.0,0
622,179,9.55,165,752,8.84,1026,18.743,0.219,93073.0,141481.0,-48408.0,0
623,43,11.58,135,466,7.91,1465,3.713,0.29,74736.0,145090.0,-70354.0,0
624,192,13.2,355,936,11.87,674,14.545,0.379,151759.0,90170.0,61589.0,1
625,203,17.0,225,901,6.65,1226,11.941,0.25,105769.0,265380.0,-159611.0,0
626,134,16.73,59,633,6.31,444,8.01,0.093,15341.0,63639.0,-48298.0,0
627,106,9.48,351,916,12.11,476,11.181,0.383,110749.0,74841.0,35908.0,1
628,293,15.48,242,661,10.94,498,18.928,0.366,124897.0,56333.0,68564.0,1
629,30,8.58,388,510,6.16,1309,3.497,0.761,300272.0,248784.0,51488.0,1
630,300,11.03,244,526,12.02,820,27.199,0.464,71330.0,71330.0,0.0,0
631,174,13.05,372,409,6.01,1465,13.333,0.91,338928.0,199647.0,139281.0,1
632,234,17.97,188,540,6.05,641,13.022,0.348,49681.0,98736.0,-49055.0,0
633,74,13.97,194,516,11.09,938,5.297,0.376,209043.0,86265.0,122778.0,1
634,203,16.44,317,606,7.95,480,12.348,0.523,119545.0,67453.0,52092.0,1
635,126,16.26,330,908,9.81,880,7.749,0.363,95800.0,150544.0,-54744.0,0
636,65,18.88,51,413,13.35,1411,3.443,0.123,38145.0,70451.0,-32306.0,0
637,281,8.9,126,492,12.24,924,31.573,0.256,118127.0,68682.0,49445.0,1
638,253,19.86,379,636,7.96,1350,12.739,0.596,389783.0,198856.0,190927.0,1
639,109,18.49,75,502,13.52,1137,5.895,0.149,42395.0,70745.0,-28350.0,0
640,238,16.86,396,720,5.95,493,14.116,0.55,66004.0,108053.0,-42049.0,0
641,107,11.94,54,541,13.95,949,8.961,0.1,37763.0,54075.0,-16312.0,0
642,195,10.19,97,781,9.01,1334,19.136,0.124,93628.0,180747.0,-87119.0,0
643,264,17.6,189,794,11.49,741,15.0,0.238,59495.0,92044.0,-32549.0,0
644,50,19.78,107,535,13.44,612,2.528,0.2,25103.0,42092.0,-16989.0,0
645,244,10.18,263,894,8.8,1134,23.969,0.294,146516.0,195730.0,-49214.0,0
646,86,13.8,363,429,9.88,1242,6.232,0.846,270568.0,127984.0,142584.0,1
647,52,11.14,275,447,8.14,1474,4.668,0.615,329187.0,162826.0,166361.0,1
648,134,19.73,345,978,11.7,1092,6.792,0.353,385256.0,183453.0,201803.0,1
649,68,13.19,315,935,12.27,1386,5.155,0.337,226410.0,182129.0,44281.0,1
650,96,18.07,227,794,10.58,511,5.313,0.286,39620.0,67353.0,-27733.0,0
651,278,18.19,55,560,13.52,738,15.283,0.098,32619.0,48383.0,-15764.0,0
652,184,10.89,88,903,14.7,503,16.896,0.097,31167.0,45981.0,-14814.0,0
653,213,12.84,309,628,7.35,1340,16.589,0.492,296783.0,203349.0,93434.0,1
654,249,9.06,277,986,9.98,1047,27.483,0.281,151230.0,191354.0,-40124.0,0
655,29,9.23,110,909,9.12,1541,3.142,0.121,70581.0,233920.0,-163339.0,0
656,66,17.5,331,400,14.63,1023,3.771,0.828,83347.0,68663.0,14684.0,1
657,125,15.86,310,975,9.56,1098,7.881,0.318,114074.0,200807.0,-86733.0,0
658,134,18.13,236,455,8.32,1368,7.391,0.519,294679.0,137775.0,156904.0,1
659,251,9.37,386,772,12.59,854,26.788,0.5,137707.0,120994.0,16713.0,1
660,201,17.96,51,749,14.64,997,11.192,0.068,37173.0,82705.0,-45532.0,0
661,211,16.43,330,934,5.46,736,12.842,0.353,84458.0,205316.0,-120858.0,0
662,229,9.28,302,543,11.11,784,24.677,0.556,86526.0,86526.0,0.0,0
663,130,13.48,111,802,12.81,1092,9.644,0.138,64894.0,100585.0,-35691.0,0
664,43,19.12,105,824,13.37,652,2.249,0.127,25890.0,66995.0,-41105.0,0
665,278,9.62,280,868,9.99,1486,28.898,0.323,375529.0,237662.0,137867.0,1
666,241,18.07,74,966,9.83,1441,13.337,0.077,67883.0,229227.0,-161344.0,0
667,108,16.77,140,992,6.28,1193,6.44,0.141,66100.0,289594.0,-223494.0,0
668,278,18.58,386,729,9.19,908,14.962,0.529,272847.0,140346.0,132501.0,1
669,195,19.65,190,807,9.53,673,9.924,0.235,50672.0,95687.0,-45015.0,0
670,282,11.59,120,822,12.01,1042,24.331,0.146,87958.0,109818.0,-21860.0,0
671,122,10.52,333,622,12.14,1107,11.597,0.535,256047.0,126251.0,129796.0,1
672,111,14.05,394,535,11.94,1060,7.9,0.736,221949.0,117736.0,104213.0,1
673,265,14.99,109,760,14.43,1254,17.678,0.143,129233.0,96837.0,32396.0,1
674,166,18.53,395,946,9.22,426,8.958,0.418,54169.0,77489.0,-23320.0,0
675,32,12.57,317,509,5.53,515,2.546,0.623,51831.0,91259.0,-39428.0,0
676,102,19.8,152,673,11.83,699,5.152,0.226,40427.0,69656.0,-29229.0,0
677,124,17.04,81,702,5.32,1326,7.277,0.115,53197.0,268249.0,-215052.0,0
678,134,16.91,102,975,10.61,886,7.924,0.105,41246.0,134159.0,-92913.0,0
679,44,19.12,311,694,8.88,1040,2.301,0.448,100780.0,150907.0,-50127.0,0
680,26,16.92,332,455,7.03,1307,1.537,0.73,299629.0,158551.0,141078.0,1
681,299,16.86,165,776,6.96,796,17.734,0.213,61055.0,134682.0,-73627.0,0
682,110,19.8,200,859,5.74,755,5.556,0.233,54012.0,173780.0,-119768.0,0
683,213,8.49,313,522,7.79,941,25.088,0.6,278957.0,129576.0,149381.0,1
684,150,8.07,116,564,9.66,717,18.587,0.206,52551.0,70217.0,-17666.0,0
685,185,15.16,70,557,12.74,1016,12.203,0.126,42971.0,75047.0,-32076.0,0
686,203,8.87,301,986,12.08,1476,22.886,0.305,399654.0,272517.0,127137.0,1
687,286,8.82,162,588,10.05,1251,32.426,0.276,286824.0,131660.0,155164.0,1
688,226,9.1,328,949,7.21,836,24.835,0.346,129662.0,199190.0,-69528.0,0
689,189,12.33,389,739,7.18,1486,15.328,0.526,211027.0,280404.0,-69377.0,0
690,24,9.38,293,974,8.46,892,2.559,0.301,95335.0,175280.0,-79945.0,0
691,40,16.19,378,649,8.21,632,2.471,0.582,175796.0,94007.0,81789.0,1
692,296,16.69,247,662,5.25,1458,17.735,0.373,146045.0,306648.0,-160603.0,0
693,280,13.35,241,926,5.44,794,20.974,0.26,80939.0,215741.0,-134802.0,0
694,62,19.38,214,926,6.67,1501,3.199,0.231,108495.0,330126.0,-221631.0,0
695,53,10.53,323,407,11.3,836,5.033,0.794,117377.0,73729.0,43648.0,1
696,73,10.47,400,834,13.29,1291,6.972,0.48,319596.0,183731.0,135865.0,1
697,98,8.29,381,473,12.17,477,11.821,0.805,53163.0,53163.0,0.0,0
698,47,10.14,94,475,7.52,544,4.635,0.198,22764.0,52953.0,-30189.0,0
699,152,12.89,344,633,9.51,1228,11.792,0.543,344669.0,168977.0,175692.0,1
700,28,12.67,271,723,6.18,412,2.21,0.375,35654.0,82010.0,-46356.0,0
701,43,16.41,378,464,5.73,1429,2.62,0.815,366287.0,219573.0,146714.0,1
702,174,15.28,104,696,7.82,1296,11.387,0.149,66168.0,174684.0,-108516.0,0
703,35,13.69,245,804,10.33,679,2.557,0.305,53432.0,95874.0,-42442.0,0
704,171,19.52,250,958,6.44,1164,8.76,0.261,105227.0,279039.0,-173812.0,0
705,92,9.48,55,966,5.05,1207,9.705,0.057,42008.0,354330.0,-312322.0,0
706,63,11.66,325,960,12.48,1104,5.403,0.339,193386.0,156836.0,36550.0,1
707,282,9.71,158,822,6.84,917,29.042,0.192,87093.0,174885.0,-87792.0,0
708,112,16.05,149,517,10.67,511,6.978,0.288,29443.0,44352.0,-14909.0,0
709,57,11.49,331,872,5.67,601,4.961,0.38,66876.0,153430.0,-86554.0,0
710,269,19.42,151,994,8.57,880,13.852,0.152,61907.0,159677.0,-97770.0,0
711,55,18.8,101,691,8.18,1322,2.926,0.146,53265.0,171763.0,-118498.0,0
712,98,14.79,218,713,8.64,1047,6.626,0.306,80315.0,145768.0,-65453.0,0
713,22,11.76,269,572,12.86,1293,1.871,0.47,191022.0,116762.0,74260.0,1
714,88,16.15,191,768,8.32,1382,5.449,0.249,94192.0,207142.0,-112950.0,0
715,203,17.3,286,856,9.87,622,11.734,0.334,63425.0,97177.0,-33752.0,0
716,163,18.3,139,483,6.4,1503,8.907,0.288,89157.0,180593.0,-91436.0,0
717,59,16.73,150,669,13.92,1438,3.527,0.224,78115.0,127645.0,-49530.0,0
718,227,17.23,373,431,7.13,475,13.175,0.865,98188.0,61119.0,37069.0,1
719,298,18.73,332,666,10.4,704,15.91,0.498,188726.0,90626.0,98100.0,1
720,134,18.7,237,801,10.9,995,7.166,0.296,83384.0,138293.0,-54909.0,0
721,276,14.12,118,875,8.97,1428,19.547,0.135,93528.0,224683.0,-131155.0,0
722,104,17.09,55,644,6.4,726,6.085,0.085,22520.0,104293.0,-81773.0,0
723,94,16.83,141,979,9.84,1134,5.585,0.144,61857.0,190162.0,-128305.0,0
724,269,10.78,70,624,7.64,879,24.954,0.112,52366.0,107242.0,-54876.0,0
725,285,18.89,71,611,8.61,1361,15.087,0.116,67334.0,150487.0,-83153.0,0
726,40,19.77,282,447,8.24,1467,2.023,0.631,315847.0,150770.0,165077.0,1
727,154,14.94,374,680,10.7,1171,10.308,0.55,337998.0,164088.0,173910.0,1
728,207,15.05,384,787,13.98,559,13.754,0.488,164536.0,67142.0,97394.0,1
729,212,19.67,314,657,7.23,1231,10.778,0.478,137217.0,192431.0,-55214.0,0
730,269,17.51,230,753,13.87,413,15.363,0.305,105789.0,40503.0,65286.0,1
731,245,9.99,306,542,5.77,975,24.525,0.565,234874.0,169947.0,64927.0,1
732,115,9.89,158,553,11.02,642,11.628,0.286,82349.0,56461.0,25888.0,1
733,232,17.73,388,635,12.2,1386,13.085,0.611,350016.0,167810.0,182206.0,1
734,265,10.53,395,890,6.61,1241,25.166,0.444,204451.0,301941.0,-97490.0,0
735,42,9.53,61,649,10.92,675,4.407,0.094,20870.0,59798.0,-38928.0,0
736,40,18.69,372,924,6.47,740,2.14,0.403,83095.0,175017.0,-91922.0,0
737,284,19.5,182,584,10.99,1554,14.564,0.312,388952.0,159097.0,229855.0,1
738,165,19.37,376,419,7.17,1365,8.518,0.897,299284.0,158980.0,140304.0,1
739,132,17.96,296,574,11.01,1593,7.35,0.516,399937.0,180435.0,219502.0,1
740,155,10.01,143,923,11.86,1328,15.485,0.155,104129.0,174867.0,-70738.0,0
741,137,12.54,355,470,6.32,433,10.925,0.755,93612.0,63134.0,30478.0,1
742,278,16.21,153,935,13.27,597,17.15,0.164,42998.0,72585.0,-29587.0,0
743,39,18.53,140,887,10.31,640,2.105,0.158,31374.0,91065.0,-59691.0,0
744,86,18.82,97,893,10.39,402,4.57,0.109,16580.0,54642.0,-38062.0,0
745,287,13.05,397,841,13.75,1485,21.992,0.472,423433.0,185124.0,238309.0,1
746,266,17.47,269,634,8.81,1579,15.226,0.424,456660.0,207133.0,249527.0,1
747,88,11.05,100,835,12.66,571,7.964,0.12,28580.0,57627.0,-29047.0,0
748,229,11.09,195,956,5.05,414,20.649,0.204,37707.0,123360.0,-85653.0,0
749,80,14.24,345,935,8.75,820,5.618,0.369,90664.0,151223.0,-60559.0,0
750,205,9.28,211,818,9.26,1598,22.091,0.258,181363.0,242686.0,-61323.0,0
751,294,13.08,179,667,8.66,964,22.477,0.268,83687.0,125947.0,-42260.0,0
752,124,12.96,398,806,12.84,1388,9.568,0.494,317315.0,175196.0,142119.0,1
753,267,11.05,141,779,8.07,1105,24.163,0.181,89085.0,169275.0,-80190.0,0
754,80,16.97,253,541,9.47,731,4.714,0.468,170261.0,80967.0,89294.0,1
755,280,12.81,101,619,8.38,1527,21.858,0.163,98527.0,179463.0,-80936.0,0
756,102,12.67,364,453,11.36,586,8.051,0.804,85878.0,51512.0,34366.0,1
757,242,9.06,124,882,7.63,1159,26.711,0.141,104913.0,207251.0,-102338.0,0
758,216,19.17,90,438,9.01,1467,11.268,0.205,72755.0,119988.0,-47233.0,0
759,109,15.68,196,458,9.39,813,6.952,0.428,166946.0,73965.0,92981.0,1
760,166,10.34,386,930,12.84,1445,16.054,0.415,403230.0,233964.0,169266.0,1
761,106,16.09,314,637,8.6,400,6.588,0.493,70155.0,55064.0,15091.0,1
762,161,17.36,130,488,8.53,1209,9.274,0.266,68392.0,117312.0,-48920.0,0
763,122,14.21,257,1000,12.37,540,8.586,0.257,48151.0,79323.0,-31172.0,0
764,165,16.71,96,962,10.59,1593,9.874,0.1,75633.0,242388.0,-166755.0,0
765,161,10.72,228,755,14.63,1331,15.019,0.302,254266.0,147589.0,106677.0,1
766,22,11.13,256,988,9.07,618,1.977,0.259,54110.0,107772.0,-53662.0,0
767,277,11.53,336,474,14.47,1451,24.024,0.709,125227.0,125227.0,0.0,0
768,148,16.33,181,950,14.66,1553,9.063,0.191,109013.0,191066.0,-82053.0,0
769,193,19.53,297,649,9.59,1343,9.882,0.458,378988.0,177729.0,201259.0,1
770,266,9.4,350,428,5.68,851,28.298,0.818,174867.0,132276.0,42591.0,1
771,181,12.95,396,635,8.53,1497,13.977,0.624,441131.0,223562.0,217569.0,1
772,147,11.45,54,669,8.99,1100,12.838,0.081,51301.0,116405.0,-65104.0,0
773,111,13.72,88,967,8.54,1574,8.09,0.091,65992.0,275556.0,-209564.0,0
774,117,13.99,187,587,7.0,895,8.363,0.319,62553.0,123193.0,-60640.0,0
775,137,10.43,185,611,7.5,1129,13.135,0.303,90876.0,154353.0,-63477.0,0
776,81,19.04,129,509,11.76,1408,4.254,0.253,70747.0,113865.0,-43118.0,0
777,297,19.5,364,406,13.48,1160,15.231,0.897,86130.0,86130.0,0.0,0
778,272,18.78,367,722,13.81,1576,14.483,0.508,415674.0,185755.0,229919.0,1
779,113,19.81,190,902,14.16,973,5.704,0.211,67333.0,112220.0,-44887.0,0
780,85,8.65,253,627,12.99,1379,9.827,0.404,294688.0,166112.0,128576.0,1
781,277,12.17,326,433,13.6,757,22.761,0.753,56938.0,56938.0,0.0,0
782,285,13.52,284,523,11.89,424,21.08,0.543,56007.0,33792.0,22215.0,1
783,214,14.97,395,615,8.25,931,14.295,0.642,256597.0,131673.0,124924.0,1
784,154,10.85,145,961,9.71,1102,14.194,0.151,83601.0,164266.0,-80665.0,0
785,275,13.09,237,588,9.19,1162,21.008,0.403,302940.0,141640.0,161300.0,1
786,163,13.41,236,810,10.71,1579,12.155,0.291,142068.0,230017.0,-87949.0,0
787,158,17.65,167,502,10.55,1180,8.952,0.333,262319.0,107474.0,154845.0,1
788,96,13.68,150,549,5.1,1263,7.018,0.273,73678.0,218533.0,-144855.0,0
789,284,14.41,305,537,8.16,1396,19.709,0.568,349789.0,171550.0,178239.0,1
790,44,12.78,203,656,11.91,522,3.443,0.309,37131.0,46879.0,-9748.0,0
791,263,18.07,160,660,5.96,1085,14.555,0.242,78566.0,190363.0,-111797.0,0
792,204,14.72,183,769,14.32,927,13.859,0.238,139873.0,76963.0,62910.0,1
793,230,9.45,226,420,13.67,807,24.339,0.538,60247.0,60247.0,0.0,0
794,295,10.09,345,989,12.8,1127,29.237,0.349,348118.0,186400.0,161718.0,1
795,269,17.3,216,922,9.47,560,15.549,0.234,49323.0,90685.0,-41362.0,0
796,257,15.58,245,693,6.45,743,16.496,0.354,71410.0,130534.0,-59124.0,0
797,235,15.58,377,745,10.72,546,15.083,0.506,153625.0,76046.0,77579.0,1
798,195,10.74,90,565,8.17,996,18.156,0.159,66916.0,104547.0,-37631.0,0
799,158,18.65,186,804,12.81,1143,8.472,0.231,81959.0,135992.0,-54033.0,0
800,250,12.97,350,933,6.84,447,19.275,0.375,58389.0,100624.0,-42235.0,0
801,148,19.29,114,640,12.01,563,7.672,0.178,28576.0,51328.0,-22752.0,0
802,223,9.24,157,570,5.64,1369,24.134,0.275,123195.0,230357.0,-107162.0,0
803,33,17.25,330,455,10.24,570,1.913,0.725,113351.0,56284.0,57067.0,1
804,99,9.01,103,668,14.32,1198,10.988,0.154,68400.0,105791.0,-37391.0,0
805,146,16.85,208,634,9.43,658,8.665,0.328,50523.0,78342.0,-27819.0,0
806,107,8.34,117,939,11.64,1066,12.83,0.125,69050.0,151465.0,-82415.0,0
807,296,19.22,293,878,10.49,676,15.401,0.334,189407.0,104817.0,84590.0,1
808,253,15.57,326,581,11.36,1555,16.249,0.561,370548.0,179196.0,191352.0,1
809,293,11.72,272,936,8.47,1505,25.0,0.291,182905.0,287087.0,-104182.0,0
810,246,11.69,166,491,9.12,718,21.044,0.338,126499.0,64117.0,62382.0,1
811,20,14.28,205,410,12.58,679,1.401,0.5,117936.0,46203.0,71733.0,1
812,260,14.42,226,693,11.88,1407,18.031,0.326,403072.0,163673.0,239399.0,1
813,24,17.19,294,706,12.98,873,1.396,0.416,244284.0,97114.0,147170.0,1
814,211,10.26,53,961,13.82,1295,20.565,0.055,76599.0,144160.0,-67561.0,0
815,103,16.58,252,655,11.46,1174,6.212,0.385,320922.0,136364.0,184558.0,1
816,60,13.07,162,669,7.4,956,4.591,0.242,56162.0,136711.0,-80549.0,0
817,157,12.95,195,944,13.53,773,12.124,0.207,64928.0,84464.0,-19536.0,0
818,76,15.64,119,696,11.18,957,4.859,0.171,44846.0,103777.0,-58931.0,0
819,116,11.85,368,903,6.52,1495,9.789,0.408,194139.0,362361.0,-168222.0,0
820,72,11.39,61,590,6.25,1297,6.321,0.103,41254.0,182845.0,-141591.0,0
821,66,9.81,54,638,9.94,1100,6.728,0.085,36191.0,104157.0,-67966.0,0
822,275,19.98,265,719,9.64,464,13.764,0.369,103889.0,61331.0,42558.0,1
823,94,8.67,219,482,12.76,546,10.842,0.454,73852.0,46684.0,27168.0,1
824,112,10.31,328,881,13.42,1181,10.863,0.372,269560.0,171055.0,98505.0,1
825,147,12.62,56,524,14.75,906,11.648,0.107,41682.0,47210.0,-5528.0,0
826,255,16.82,67,603,5.94,826,15.161,0.111,38076.0,122839.0,-84763.0,0
827,179,19.23,292,798,6.59,486,9.308,0.366,49249.0,99939.0,-50690.0,0
828,82,11.04,331,933,11.39,806,7.428,0.355,142382.0,119493.0,22889.0,1
829,131,19.68,234,453,7.36,1289,6.657,0.517,256902.0,138529.0,118373.0,1
830,105,17.53,216,415,10.85,1210,5.99,0.52,226247.0,99415.0,126832.0,1
831,41,14.97,174,409,11.91,717,2.739,0.425,122245.0,49924.0,72321.0,1
832,147,9.89,240,491,5.91,1093,14.863,0.489,111806.0,163606.0,-51800.0,0
833,50,12.27,370,461,6.54,1498,4.075,0.803,366217.0,210697.0,155520.0,1
834,269,10.79,104,528,14.82,1111,24.93,0.197,163676.0,71645.0,92031.0,1
835,30,16.27,274,597,8.58,675,1.844,0.459,57157.0,85596.0,-28439.0,0
836,268,16.48,178,440,10.59,1511,16.262,0.405,292061.0,126520.0,165541.0,1
837,115,14.52,300,594,8.24,1359,7.92,0.505,393801.0,178638.0,215163.0,1
838,102,8.83,190,967,6.55,1005,11.552,0.196,88261.0,239949.0,-151688.0,0
839,207,13.45,184,954,12.76,1436,15.39,0.193,134605.0,170271.0,-35666.0,0
840,29,15.44,244,589,8.64,889,1.878,0.414,68510.0,109319.0,-40809.0,0
841,295,17.83,214,464,6.9,1418,16.545,0.461,327740.0,162326.0,165414.0,1
842,164,11.87,332,557,11.41,626,13.816,0.596,139835.0,62260.0,77575.0,1
843,54,8.53,99,935,14.38,765,6.331,0.106,36393.0,77143.0,-40750.0,0
844,74,13.82,66,606,5.99,1569,5.355,0.109,50648.0,239035.0,-188387.0,0
845,270,14.31,378,797,12.01,924,18.868,0.474,295214.0,131388.0,163826.0,1
846,133,15.27,75,775,5.71,827,8.71,0.097,32385.0,165213.0,-132828.0,0
847,60,13.62,385,903,11.39,1139,4.405,0.426,419019.0,192919.0,226100.0,1
848,208,17.53,335,825,5.58,944,11.865,0.406,109710.0,234257.0,-124547.0,0
849,56,18.01,320,441,5.78,842,3.109,0.726,84315.0,115860.0,-31545.0,0
850,71,16.7,315,499,10.32,788,4.251,0.631,170795.0,82360.0,88435.0,1
851,147,14.84,148,938,14.48,1543,9.906,0.158,111349.0,152560.0,-41211.0,0
852,74,17.2,335,825,10.77,1339,4.302,0.406,449076.0,208441.0,240635.0,1
853,73,10.0,390,837,6.8,1222,7.3,0.466,172456.0,277475.0,-105019.0,0
854,100,14.41,308,745,11.0,1121,6.94,0.413,347486.0,157188.0,190298.0,1
855,186,18.14,211,963,9.12,1281,10.254,0.219,103598.0,226135.0,-122537.0,0
856,299,10.57,215,646,12.66,920,28.288,0.333,134108.0,89327.0,44781.0,1
857,249,19.52,234,863,5.0,470,12.756,0.271,42766.0,131628.0,-88862.0,0
858,285,9.62,195,416,13.9,413,29.626,0.469,27335.0,27335.0,0.0,0
859,129,18.27,203,627,5.22,965,7.061,0.324,71583.0,188070.0,-116487.0,0
860,99,9.13,333,923,9.6,719,10.843,0.361,96040.0,129780.0,-33740.0,0
861,207,18.68,120,671,7.5,924,11.081,0.179,52515.0,127381.0,-74866.0,0
862,224,14.83,203,494,7.17,558,15.105,0.411,46152.0,68307.0,-22155.0,0
863,108,13.86,216,894,13.99,1580,7.792,0.242,144686.0,165664.0,-20978.0,0
864,39,16.77,98,707,10.76,560,2.326,0.139,20914.0,60832.0,-39918.0,0
865,198,18.56,78,742,9.34,646,10.668,0.105,28800.0,79187.0,-50387.0,0
866,215,8.65,166,411,10.24,1053,24.855,0.404,121722.0,84690.0,37032.0,1
867,96,11.92,326,978,11.98,713,8.054,0.333,125096.0,99944.0,25152.0,1
868,248,17.03,75,802,10.75,584,14.563,0.094,27966.0,69430.0,-41464.0,0
869,168,17.44,163,842,6.48,1088,9.633,0.194,71911.0,220669.0,-148758.0,0
870,45,14.58,92,887,7.63,1216,3.086,0.104,44634.0,209808.0,-165174.0,0
871,86,17.14,306,844,9.81,805,5.018,0.363,79398.0,126541.0,-47143.0,0
872,120,14.73,299,804,14.97,1473,8.147,0.372,260786.0,141310.0,119476.0,1
873,56,11.2,176,648,9.3,1579,5.0,0.272,108005.0,185066.0,-77061.0,0
874,231,13.08,95,515,8.48,1056,17.661,0.184,59492.0,102782.0,-43290.0,0
875,176,10.03,226,424,8.5,1305,17.547,0.533,263161.0,126579.0,136582.0,1
876,245,8.54,369,549,13.18,808,28.689,0.672,85080.0,85080.0,0.0,0
877,99,17.09,400,782,13.53,630,5.793,0.512,183845.0,76473.0,107372.0,1
878,95,18.43,77,648,13.2,428,5.155,0.119,15624.0,33555.0,-17931.0,0
879,176,13.4,225,513,5.23,828,13.134,0.439,72011.0,136405.0,-64394.0,0
880,124,14.56,325,616,12.5,1523,8.516,0.528,404471.0,170207.0,234264.0,1
881,29,12.52,297,544,14.06,1478,2.316,0.546,230888.0,122918.0,107970.0,1
882,107,8.72,72,661,7.01,955,12.271,0.109,46034.0,134035.0,-88001.0,0
883,24,8.8,77,876,11.6,1137,2.727,0.088,38839.0,137431.0,-98592.0,0
884,169,18.41,105,419,11.49,873,9.18,0.251,156701.0,57012.0,99689.0,1
885,70,18.85,244,920,9.85,1488,3.714,0.265,121259.0,252206.0,-130947.0,0
886,121,14.01,95,590,9.58,444,8.637,0.161,19650.0,43538.0,-23888.0,0
887,291,11.66,70,653,9.9,721,24.957,0.107,49092.0,66352.0,-17260.0,0
888,200,12.26,59,755,8.02,1426,16.313,0.078,63220.0,202549.0,-139329.0,0
889,151,18.54,191,463,13.9,460,8.145,0.413,80111.0,29271.0,50840.0,1
890,135,9.82,334,686,13.97,681,13.747,0.487,113586.0,79243.0,34343.0,1
891,286,19.53,94,791,11.12,865,14.644,0.119,48087.0,102275.0,-54188.0,0
892,98,13.12,263,646,8.12,1074,7.47,0.407,98222.0,148680.0,-50458.0,0
893,87,10.48,279,955,6.39,1508,8.302,0.292,157257.0,380941.0,-223684.0,0
894,90,11.71,400,607,12.05,1472,7.686,0.659,338895.0,165081.0,173814.0,1
895,94,15.87,119,840,10.65,723,5.923,0.142,34795.0,95855.0,-61060.0,0
896,292,19.38,212,469,6.18,1050,15.067,0.452,93433.0,134100.0,-40667.0,0
897,183,18.56,124,430,9.14,1242,9.86,0.288,70461.0,104184.0,-33723.0,0
898,160,9.82,205,853,6.88,669,16.293,0.24,61230.0,131973.0,-70743.0,0
899,156,15.27,144,426,11.12,875,10.216,0.338,158495.0,64021.0,94474.0,1
900,203,8.95,168,426,12.8,674,22.682,0.394,47423.0,47423.0,0.0,0
901,211,10.21,307,880,8.87,1370,20.666,0.349,190644.0,251136.0,-60492.0,0
902,118,10.72,120,567,9.09,430,11.007,0.212,25376.0,39729.0,-14353.0,0
903,133,16.91,188,822,14.88,818,7.865,0.229,57369.0,82276.0,-24907.0,0
904,244,18.41,83,581,9.9,1065,13.254,0.143,52900.0,103217.0,-50317.0,0
905,238,12.86,284,652,5.42,1179,18.507,0.436,133689.0,242709.0,-109020.0,0
906,294,14.3,210,803,13.76,478,20.559,0.262,131366.0,51673.0,79693.0,1
907,251,13.48,316,511,13.78,903,18.62,0.618,68685.0,68685.0,0.0,0
908,222,19.81,315,950,5.39,1193,11.206,0.332,133993.0,350266.0,-216273.0,0
909,117,11.49,314,450,8.98,1023,10.183,0.698,212106.0,104806.0,107300.0,1
910,105,13.07,196,872,11.13,511,8.034,0.225,39544.0,61218.0,-21674.0,0
911,257,17.96,314,545,9.52,1425,14.31,0.576,350963.0,166247.0,184716.0,1
912,299,9.62,107,584,9.14,1323,31.081,0.183,224828.0,134938.0,89890.0,1
913,252,15.08,62,583,12.13,813,16.711,0.106,37141.0,64240.0,-27099.0,0
914,148,11.89,282,492,11.49,735,12.447,0.573,142357.0,62552.0,79805.0,1
915,78,16.47,113,493,11.34,574,4.736,0.229,25925.0,44119.0,-18194.0,0
916,281,15.34,318,793,6.6,1527,18.318,0.401,183186.0,309824.0,-126638.0,0
917,107,18.95,244,444,10.65,707,5.646,0.55,136484.0,61691.0,74793.0,1
918,111,17.23,133,548,5.51,1030,6.442,0.243,54946.0,161471.0,-106525.0,0
919,167,15.52,208,856,6.18,669,10.76,0.243,52567.0,143240.0,-90673.0,0
920,149,8.15,153,403,9.98,1421,18.282,0.38,261967.0,116278.0,145689.0,1
921,272,10.85,328,405,10.89,1374,25.069,0.81,120392.0,120392.0,0.0,0
922,246,8.95,282,819,11.0,901,27.486,0.344,247891.0,135166.0,112725.0,1
923,126,8.59,330,684,6.48,1114,14.668,0.482,159891.0,225092.0,-65201.0,0
924,36,16.0,68,548,13.38,1011,2.25,0.124,29112.0,68060.0,-38948.0,0
925,45,9.31,219,489,14.94,730,4.834,0.448,120858.0,58376.0,62482.0,1
926,110,19.6,394,691,12.49,1137,5.612,0.57,325190.0,143000.0,182190.0,1
927,173,11.87,68,495,13.98,538,14.575,0.137,50902.0,28581.0,22321.0,1
928,53,11.51,268,963,6.35,962,4.605,0.278,88839.0,238501.0,-149662.0,0
929,231,14.3,218,939,11.96,519,16.154,0.232,45620.0,71723.0,-26103.0,0
930,290,19.85,105,985,9.84,988,14.61,0.107,58382.0,159604.0,-101222.0,0
931,152,14.3,268,724,14.95,1124,10.629,0.37,196286.0,96139.0,100147.0,1
932,274,14.24,116,976,11.32,1408,19.242,0.119,91077.0,214324.0,-123247.0,0
933,168,19.75,142,638,5.02,449,8.506,0.223,26890.0,88190.0,-61300.0,0
934,126,17.59,288,520,14.99,1247,7.163,0.554,213113.0,95119.0,117994.0,1
935,199,14.72,73,741,11.38,423,13.519,0.099,18904.0,43244.0,-24340.0,0
936,164,11.05,377,606,5.68,1014,14.842,0.622,143331.0,201449.0,-58118.0,0
937,185,17.2,309,963,6.14,1082,10.756,0.321,116404.0,278575.0,-162171.0,0
938,34,17.98,224,805,6.94,1092,1.891,0.278,78567.0,203414.0,-124847.0,0
939,262,17.57,394,890,11.46,1386,14.912,0.443,488725.0,228024.0,260701.0,1
940,294,18.75,129,871,9.62,1247,15.68,0.148,82734.0,187610.0,-104876.0,0
941,173,14.78,78,933,11.78,1537,11.705,0.084,67613.0,209984.0,-142371.0,0
942,126,14.93,324,419,8.32,1124,8.439,0.773,235557.0,114690.0,120867.0,1
943,163,18.09,83,552,8.39,1168,9.011,0.15,50870.0,119845.0,-68975.0,0
944,104,14.85,370,947,8.9,639,7.003,0.391,75198.0,117308.0,-42110.0,0
945,36,11.26,207,722,5.87,886,3.197,0.287,63995.0,177235.0,-113240.0,0
946,174,10.59,240,862,8.02,629,16.431,0.278,67092.0,109051.0,-41959.0,0
947,123,18.96,241,438,9.44,451,6.487,0.55,81325.0,40904.0,40421.0,1
948,98,10.28,297,912,14.24,1472,9.533,0.326,307096.0,197034.0,110062.0,1
949,93,17.23,208,735,5.98,1457,5.398,0.283,106728.0,288639.0,-181911.0,0
950,125,16.69,396,535,9.59,1469,7.49,0.74,369665.0,179661.0,190004.0,1
951,179,19.19,109,404,11.87,578,9.328,0.27,93806.0,35069.0,58737.0,1
952,43,9.24,220,878,12.66,1039,4.654,0.251,88991.0,143089.0,-54098.0,0
953,179,15.67,61,991,7.1,810,11.423,0.062,31611.0,161233.0,-129622.0,0
954,161,14.39,148,693,12.73,640,11.188,0.214,39967.0,62169.0,-22202.0,0
955,100,11.28,189,552,5.15,1546,8.865,0.342,115147.0,276135.0,-160988.0,0
956,125,14.51,313,504,10.49,955,8.615,0.621,218235.0,102433.0,115802.0,1
957,145,10.06,122,690,8.11,1093,14.414,0.177,76501.0,144667.0,-68166.0,0
958,45,9.56,326,854,9.71,503,4.707,0.382,59852.0,79284.0,-19432.0,0
959,47,9.03,104,792,8.92,1313,5.205,0.131,62064.0,179586.0,-117522.0,0
960,179,11.99,365,764,6.98,1492,14.929,0.478,202066.0,293860.0,-91794.0,0
961,87,9.11,90,876,13.02,1359,9.55,0.103,67691.0,150121.0,-82430.0,0
962,178,16.21,99,866,12.1,1353,10.981,0.114,66950.0,170203.0,-103253.0,0
963,134,9.72,290,637,13.96,928,13.786,0.455,156070.0,104290.0,51780.0,1
964,113,16.4,236,801,11.65,1065,6.89,0.295,87660.0,141800.0,-54140.0,0
965,35,8.78,282,899,6.13,1380,3.986,0.314,147808.0,353162.0,-205354.0,0
966,164,17.22,286,574,11.04,660,9.524,0.498,153101.0,69296.0,83805.0,1
967,227,17.81,310,505,12.97,1067,12.746,0.614,127683.0,94794.0,32889.0,1
968,174,14.39,334,472,9.01,1246,12.092,0.708,286472.0,135880.0,150592.0,1
969,300,9.91,172,649,9.82,535,30.272,0.265,109107.0,57850.0,51257.0,1
970,240,17.41,224,613,9.35,1100,13.785,0.365,299985.0,133570.0,166415.0,1
971,108,15.95,328,641,5.78,1575,6.771,0.512,169961.0,304229.0,-134268.0,0
972,257,11.9,299,517,5.98,1311,21.597,0.578,364414.0,205837.0,158577.0,1
973,227,8.84,140,715,6.09,1176,25.679,0.196,102602.0,221853.0,-119251.0,0
974,51,9.09,217,906,13.17,1589,5.611,0.24,137984.0,226910.0,-88926.0,0
975,95,15.93,375,400,9.53,996,5.964,0.938,183351.0,97482.0,85869.0,1
976,248,10.35,249,991,11.82,1048,23.961,0.251,215189.0,159084.0,56105.0,1
977,175,19.02,203,983,14.37,1105,9.201,0.207,85832.0,140725.0,-54893.0,0
978,24,15.34,95,996,10.1,661,1.565,0.095,22994.0,104752.0,-81758.0,0
979,209,18.81,200,463,14.68,401,11.111,0.432,58522.0,24010.0,34512.0,1
980,76,18.33,336,767,13.66,881,4.146,0.438,259632.0,102131.0,157501.0,1
981,182,16.54,271,803,9.06,1291,11.004,0.337,126143.0,201142.0,-74999.0,0
982,108,13.7,329,616,6.88,1187,7.883,0.534,131497.0,188325.0,-56828.0,0
983,98,11.46,234,827,13.73,657,8.551,0.283,100504.0,71145.0,29359.0,1
984,56,15.78,118,411,6.44,1396,3.549,0.287,63054.0,141509.0,-78455.0,0
985,89,9.02,386,847,11.42,1251,9.867,0.456,337616.0,220060.0,117556.0,1
986,112,13.45,283,835,9.24,1321,8.327,0.339,130087.0,216352.0,-86265.0,0
987,135,10.23,246,763,11.05,1583,13.196,0.322,276519.0,201956.0,74563.0,1
988,276,11.23,305,642,14.27,1580,24.577,0.475,355043.0,169527.0,185516.0,1
989,39,14.82,237,434,12.05,631,2.632,0.546,115627.0,48576.0,67051.0,1
990,60,9.71,347,893,12.31,972,6.179,0.389,210201.0,155406.0,54795.0,1
991,60,14.28,288,929,11.1,902,4.202,0.31,83995.0,142520.0,-58525.0,0
992,296,17.58,291,479,8.12,508,16.837,0.608,107577.0,58560.0,49017.0,1
993,25,13.63,225,947,10.13,1360,1.834,0.238,99297.0,231243.0,-131946.0,0
994,235,12.23,343,739,14.78,1003,19.215,0.464,246647.0,107374.0,139273.0,1
995,38,16.34,198,571,10.98,1022,2.326,0.347,66588.0,102791.0,-36203.0,0
996,51,15.55,338,666,10.78,1573,3.28,0.508,451731.0,210253.0,241478.0,1
997,33,11.44,76,698,5.83,1435,2.885,0.109,45868.0,262092.0,-216224.0,0
998,149,9.59,89,684,7.81,926,15.537,0.13,56406.0,123712.0,-67306.0,0
999,109,18.92,57,514,12.39,1314,5.761,0.111,42250.0,90853.0,-48603.0,0
1000,153,17.39,239,579,7.36,770,8.798,0.413,65854.0,103166.0,-37312.0,0
1001,195,19.81,320,433,14.67,715,9.844,0.739,48889.0,48628.0,261.0,0
1002,216,10.86,303,822,9.4,742,19.89,0.369,160793.0,111990.0,48803.0,1
1003,196,8.65,157,991,7.64,637,22.659,0.158,59618.0,128049.0,-68431.0,0
1004,257,12.78,76,571,8.01,1490,20.11,0.133,81263.0,163846.0,-82583.0,0
1005,219,13.7,169,788,6.45,1290,15.985,0.214,97394.0,246679.0,-149285.0,0
1006,249,12.58,56,695,8.16,1485,19.793,0.081,71731.0,191476.0,-119745.0,0
1007,69,19.01,399,442,11.37,1284,3.63,0.903,236368.0,130071.0,106297.0,1
1008,191,11.24,362,679,13.02,922,16.993,0.533,185821.0,105256.0,80565.0,1
1009,220,13.53,385,998,11.75,895,16.26,0.386,217331.0,131862.0,85469.0,1
1010,286,12.05,394,599,11.9,768,23.734,0.658,80979.0,80979.0,0.0,0
1011,25,16.07,210,960,13.32,424,1.556,0.219,28102.0,53436.0,-25334.0,0
1012,288,9.25,260,500,9.46,849,31.135,0.52,90838.0,91077.0,-239.0,0
1013,118,8.41,195,657,11.19,516,14.031,0.297,87360.0,57492.0,29868.0,1
1014,82,16.5,354,622,6.2,666,4.97,0.569,73905.0,114232.0,-40327.0,0
1015,114,18.75,242,979,11.96,918,6.08,0.247,76748.0,138111.0,-61363.0,0
1016,58,15.67,200,878,14.23,966,3.701,0.228,65595.0,110392.0,-44797.0,0
1017,151,9.94,268,731,5.74,527,15.191,0.367,58148.0,115734.0,-57586.0,0
1018,190,19.95,245,797,7.58,942,9.524,0.307,85110.0,159966.0,-74856.0,0
1019,55,13.9,141,851,14.29,1204,3.957,0.166,65897.0,110957.0,-45060.0,0
1020,75,9.73,141,903,12.69,847,7.708,0.156,53587.0,100448.0,-46861.0,0
1021,246,16.58,364,508,6.03,549,14.837,0.717,131767.0,92017.0,39750.0,1
1022,148,17.33,86,985,5.19,1419,8.54,0.087,61630.0,416104.0,-354474.0,0
1023,39,15.98,126,400,7.66,1075,2.441,0.315,48868.0,92735.0,-43867.0,0
1024,21,14.18,250,988,14.4,1404,1.481,0.253,113744.0,159147.0,-45403.0,0
1025,226,18.13,294,846,12.81,543,12.466,0.348,162210.0,66146.0,96064.0,1
1026,21,12.61,326,631,11.89,1387,1.665,0.517,232461.0,148379.0,84082.0,1
1027,294,19.22,112,980,8.59,1020,15.297,0.114,62680.0,179214.0,-116534.0,0
1028,66,12.38,255,456,13.53,1096,5.331,0.559,163855.0,77447.0,86408.0,1
1029,168,15.77,91,870,6.77,480,10.653,0.105,22202.0,91213.0,-69011.0,0
1030,173,16.35,246,595,13.96,1135,10.581,0.413,278147.0,98935.0,179212.0,1
1031,244,16.82,299,486,6.4,795,14.507,0.615,187120.0,108842.0,78278.0,1
1032,270,12.67,62,644,12.93,1030,21.31,0.096,60654.0,72391.0,-11737.0,0
1033,250,19.6,305,946,5.16,1094,12.755,0.322,121817.0,332859.0,-211042.0,0
1034,41,12.87,78,745,7.12,1471,3.186,0.105,48225.0,230727.0,-182502.0,0
1035,96,16.89,284,949,7.33,547,5.684,0.299,50958.0,118663.0,-67705.0,0
1036,270,15.85,68,544,9.71,493,17.035,0.125,23546.0,43846.0,-20300.0,0
1037,27,10.07,174,533,5.5,1029,2.681,0.326,65441.0,167024.0,-101583.0,0
1038,107,18.02,99,867,5.64,617,5.938,0.114,26875.0,146899.0,-120024.0,0
1039,132,8.76,108,909,7.03,1090,15.068,0.119,70983.0,222993.0,-152010.0,0
1040,186,9.45,397,811,11.84,1517,19.683,0.49,483410.0,255737.0,227673.0,1
1041,129,17.17,120,729,10.93,1087,7.513,0.165,55660.0,126145.0,-70485.0,0
1042,160,9.69,82,523,9.15,1157,16.512,0.157,69216.0,101277.0,-32061.0,0
1043,244,10.92,333,568,10.82,673,22.344,0.586,118660.0,71458.0,47202.0,1
1044,100,8.19,101,785,9.87,413,12.21,0.129,23833.0,51273.0,-27440.0,0
1045,65,16.48,53,583,10.94,981,3.944,0.091,26896.0,84130.0,-57234.0,0
1046,84,10.47,263,887,11.4,1471,8.023,0.297,151792.0,209108.0,-57316.0,0
1047,142,19.26,280,821,11.11,477,7.373,0.341,45472.0,64891.0,-19419.0,0
1048,275,15.34,355,584,5.88,1016,17.927,0.608,130987.0,178307.0,-47320.0,0
1049,22,14.69,228,828,6.92,1485,1.498,0.275,108226.0,286539.0,-178313.0,0
1050,296,14.09,98,770,9.64,826,21.008,0.127,50628.0,105550.0,-54922.0,0
1051,119,9.35,191,454,6.49,1371,12.727,0.421,116305.0,171815.0,-55510.0,0
1052,101,16.04,304,580,5.43,1145,6.297,0.524,115041.0,212445.0,-97404.0,0
1053,242,11.02,195,614,11.17,1328,21.96,0.318,253408.0,129753.0,123655.0,1
1054,46,19.1,72,506,6.76,459,2.408,0.142,14213.0,51745.0,-37532.0,0
1055,79,8.85,298,927,7.35,1310,8.927,0.321,159725.0,299859.0,-140134.0,0
1056,186,13.03,353,993,12.47,1067,14.275,0.355,242326.0,148596.0,93730.0,1
1057,186,10.73,167,512,7.37,1244,17.335,0.326,99753.0,145823.0,-46070.0,0
1058,132,8.88,152,784,10.85,511,14.865,0.194,40384.0,61468.0,-21084.0,0
1059,130,19.13,273,548,9.55,1193,6.796,0.498,288041.0,137174.0,150867.0,1
1060,254,16.64,241,539,11.32,952,15.264,0.447,218523.0,92089.0,126434.0,1
1061,85,8.39,153,743,10.69,974,10.131,0.206,71122.0,115379.0,-44257.0,0
1062,258,13.5,119,513,6.71,1103,19.111,0.232,71917.0,132176.0,-60259.0,0
1063,100,17.47,162,702,11.38,748,5.724,0.231,45122.0,81167.0,-36045.0,0
1064,137,9.04,345,966,13.57,1401,15.155,0.357,395853.0,221655.0,174198.0,1
1065,256,11.35,160,884,12.3,905,22.555,0.181,80704.0,103687.0,-22983.0,0
1066,242,14.95,176,735,13.92,705,16.187,0.239,196979.0,68242.0,128737.0,1
1067,233,19.76,343,405,5.4,1363,11.791,0.847,309429.0,193249.0,116180.0,1
1068,237,14.37,308,434,9.79,600,16.493,0.71,84837.0,58780.0,26057.0,1
1069,143,9.0,281,907,12.53,1232,15.889,0.31,286846.0,189796.0,97050.0,1
1070,203,11.55,161,535,11.48,585,17.576,0.301,91472.0,45802.0,45670.0,1
1071,176,9.94,58,891,9.59,1568,17.706,0.065,86738.0,211864.0,-125126.0,0
1072,252,13.57,348,424,6.39,1230,18.57,0.821,281603.0,157664.0,123939.0,1
1073,257,16.45,144,779,5.01,544,15.623,0.185,36899.0,137722.0,-100823.0,0
1074,291,8.39,247,740,9.26,952,34.684,0.334,259682.0,146316.0,113366.0,1
1075,126,17.45,363,955,5.81,1087,7.221,0.38,128337.0,298932.0,-170595.0,0
1076,206,18.66,78,927,6.11,1148,11.04,0.084,52047.0,260747.0,-208700.0,0
1077,207,12.4,288,441,11.48,537,16.694,0.653,47907.0,42541.0,5366.0,1
1078,90,19.78,337,609,7.39,632,4.55,0.553,67580.0,89916.0,-22336.0,0
1079,127,17.04,382,889,12.61,1056,7.453,0.43,360007.0,158079.0,201928.0,1
1080,277,16.16,230,673,7.77,529,17.141,0.342,49310.0,78053.0,-28743.0,0
1081,251,13.83,240,753,10.27,651,18.149,0.319,123280.0,87432.0,35848.0,1
1082,292,18.79,290,944,9.52,1153,15.54,0.307,127349.0,206459.0,-79110.0,0
1083,116,18.7,394,467,9.58,564,6.203,0.844,121275.0,63111.0,58164.0,1
1084,167,19.5,250,583,5.77,737,8.564,0.429,65944.0,123273.0,-57329.0,0
1085,95,13.96,191,514,13.75,1466,6.805,0.372,185064.0,95447.0,89617.0,1
1086,170,13.0,371,423,11.82,670,13.077,0.877,53726.0,53726.0,0.0,0
1087,235,13.33,292,755,11.45,997,17.629,0.387,214522.0,118276.0,96246.0,1
1088,31,18.46,146,464,7.32,1464,1.679,0.315,73332.0,150401.0,-77069.0,0
1089,230,14.94,380,743,11.56,1068,15.395,0.511,329875.0,151241.0,178634.0,1
1090,300,13.34,298,942,8.04,670,22.489,0.316,80601.0,128346.0,-47745.0,0
1091,153,10.72,206,575,8.72,990,14.272,0.358,115646.0,114229.0,1417.0,1
1092,200,11.41,74,551,14.56,729,17.528,0.134,80118.0,43762.0,36356.0,1
1093,113,19.68,324,692,13.39,714,5.742,0.468,190514.0,76997.0,113517.0,1
1094,79,8.49,132,643,8.17,659,9.305,0.205,41769.0,82587.0,-40818.0,0
1095,209,10.21,275,666,10.62,471,20.47,0.413,108484.0,56106.0,52378.0,1
1096,196,9.78,390,724,9.48,732,20.041,0.539,210093.0,110894.0,99199.0,1
1097,82,19.05,323,708,9.05,1422,4.304,0.456,148402.0,208356.0,-59954.0,0
1098,183,9.87,124,869,14.7,1518,18.541,0.143,118804.0,145301.0,-26497.0,0
1099,171,13.69,309,739,7.9,1574,12.491,0.418,174998.0,256846.0,-81848.0,0
1100,246,12.06,391,550,6.12,1380,20.398,0.711,396590.0,237841.0,158749.0,1
1101,79,11.7,70,542,9.02,851,6.752,0.129,29606.0,81844.0,-52238.0,0
1102,67,11.92,278,765,11.08,799,5.621,0.363,119661.0,97176.0,22485.0,1
1103,133,17.38,348,939,12.67,800,7.652,0.371,279675.0,119148.0,160527.0,1
1104,295,18.19,61,485,11.77,578,16.218,0.126,27282.0,38730.0,-11448.0,0
1105,119,13.89,312,803,11.03,1447,8.567,0.389,499715.0,217992.0,281723.0,1
1106,223,9.78,78,769,13.54,1157,22.802,0.101,78639.0,110856.0,-32217.0,0
1107,26,11.42,247,781,8.51,1312,2.277,0.316,109844.0,210984.0,-101140.0,0
1108,130,16.73,337,489,9.44,1251,7.77,0.689,289471.0,137000.0,152471.0,1
1109,103,17.67,276,695,14.7,1268,5.829,0.397,349757.0,123303.0,226454.0,1
1110,64,9.72,262,542,8.03,1475,6.584,0.483,210866.0,194000.0,16866.0,1
1111,212,9.06,221,467,9.09,959,23.4,0.473,221584.0,96397.0,125187.0,1
1112,256,16.52,262,579,12.55,680,15.496,0.453,143795.0,64413.0,79382.0,1
1113,215,11.47,152,590,9.91,1018,18.745,0.258,154808.0,99209.0,55599.0,1
1114,272,14.71,349,711,9.63,454,18.491,0.491,122109.0,62647.0,59462.0,1
1115,154,11.6,51,557,11.41,1367,13.276,0.092,66096.0,95487.0,-29391.0,0
1116,233,10.15,113,694,14.07,901,22.956,0.163,142129.0,78431.0,63698.0,1
1117,161,13.92,64,522,14.71,1140,11.566,0.123,69291.0,59054.0,10237.0,1
1118,243,18.42,347,892,11.28,1374,13.192,0.389,497130.0,222302.0,274828.0,1
1119,282,16.8,111,782,5.18,931,16.786,0.142,56420.0,216660.0,-160240.0,0
1120,49,9.75,133,995,9.61,677,5.026,0.134,37493.0,106193.0,-68700.0,0
1121,47,11.27,232,567,9.2,1129,4.17,0.409,94813.0,122621.0,-27808.0,0
1122,169,14.36,74,696,14.36,1452,11.769,0.106,78107.0,100184.0,-22077.0,0
1123,68,15.19,149,587,6.67,1060,4.477,0.254,58062.0,148640.0,-90578.0,0
1124,158,16.23,211,708,11.88,596,9.735,0.298,46573.0,64996.0,-18423.0,0
1125,200,17.88,323,993,5.13,1461,11.186,0.325,165505.0,470912.0,-305407.0,0
1126,268,12.94,194,781,14.21,733,20.711,0.248,131325.0,66618.0,64707.0,1
1127,99,14.04,102,623,13.32,1544,7.051,0.164,69139.0,129590.0,-60451.0,0
1128,292,16.55,364,938,12.02,633,17.644,0.388,211181.0,96764.0,114417.0,1
1129,59,9.4,263,871,6.31,435,6.277,0.302,42835.0,100422.0,-57587.0,0
1130,179,16.29,295,756,6.39,1305,10.988,0.39,135949.0,257260.0,-121311.0,0
1131,195,10.07,355,935,8.05,642,19.364,0.38,96543.0,138169.0,-41626.0,0
1132,92,16.26,163,531,8.07,829,5.658,0.307,49821.0,90796.0,-40975.0,0
1133,237,16.29,116,480,12.84,559,14.549,0.242,105267.0,36944.0,68323.0,1
1134,240,8.51,59,895,6.08,1451,28.202,0.066,101716.0,326472.0,-224756.0,0
1135,260,9.43,353,460,7.53,535,27.572,0.767,123517.0,68902.0,54615.0,1
1136,69,17.39,204,410,14.2,820,3.968,0.498,143093.0,47675.0,95418.0,1
1137,114,16.05,350,604,5.29,698,7.103,0.579,78660.0,137865.0,-59205.0,0
1138,198,12.23,192,993,13.55,895,16.19,0.193,83052.0,106845.0,-23793.0,0
1139,54,9.19,308,983,10.78,428,5.876,0.313,49667.0,74354.0,-24687.0,0
1140,118,19.57,320,622,6.72,1500,6.03,0.514,159021.0,243221.0,-84200.0,0
1141,129,19.05,52,501,13.51,1372,6.772,0.104,44365.0,82964.0,-38599.0,0
1142,245,16.08,237,589,6.07,1126,15.236,0.402,104930.0,181897.0,-76967.0,0
1143,129,14.17,244,834,9.08,1043,9.104,0.293,90702.0,166958.0,-76256.0,0
1144,76,14.24,113,877,9.96,1139,5.337,0.129,52005.0,169121.0,-117116.0,0
1145,40,8.99,197,970,9.94,1188,4.449,0.203,93006.0,200073.0,-107067.0,0
1146,179,16.24,195,867,13.41,862,11.022,0.225,65437.0,102603.0,-37166.0,0
1147,168,19.82,333,817,9.28,542,8.476,0.408,60476.0,84913.0,-24437.0,0
1148,111,8.15,293,776,11.74,615,13.62,0.378,151232.0,86770.0,64462.0,1
1149,287,15.9,252,848,5.85,693,18.05,0.297,69414.0,156779.0,-87365.0,0
1150,72,16.9,252,810,13.92,745,4.26,0.311,189596.0,84194.0,105402.0,1
1151,121,12.06,83,772,10.95,1227,10.033,0.108,61193.0,125176.0,-63983.0,0
1152,237,16.7,112,638,7.79,1591,14.192,0.176,91712.0,202050.0,-110338.0,0
1153,224,12.27,353,679,11.67,1228,18.256,0.52,306249.0,143785.0,162464.0,1
1154,162,9.77,298,923,9.55,650,16.581,0.323,84311.0,108887.0,-24576.0,0
1155,274,10.77,178,901,14.42,460,25.441,0.198,87511.0,47813.0,39698.0,1
1156,54,13.98,100,454,5.27,766,3.863,0.22,30452.0,100013.0,-69561.0,0
1157,98,11.63,245,734,11.23,556,8.426,0.334,85170.0,63278.0,21892.0,1
1158,272,17.51,388,932,7.02,1419,15.534,0.416,194042.0,320235.0,-126193.0,0
1159,153,14.51,301,916,13.09,1507,10.544,0.329,557335.0,219149.0,338186.0,1
1160,36,19.89,329,418,13.8,643,1.81,0.787,88399.0,44297.0,44102.0,1
1161,181,18.23,246,860,9.43,473,9.929,0.286,42184.0,71780.0,-29596.0,0
1162,175,18.62,66,581,6.64,1282,9.398,0.114,50919.0,166714.0,-115795.0,0
1163,219,13.85,118,719,6.09,1404,15.812,0.164,85075.0,255579.0,-170504.0,0
1164,296,14.87,387,967,9.76,720,19.906,0.4,275160.0,130046.0,145114.0,1
1165,220,11.16,309,457,10.91,1173,19.713,0.676,107255.0,107255.0,0.0,0
1166,165,11.85,365,761,5.28,492,13.924,0.48,64612.0,125693.0,-61081.0,0
1167,198,17.71,115,775,10.84,1098,11.18,0.148,60587.0,135094.0,-74507.0,0
1168,239,12.14,244,499,8.57,1119,19.687,0.489,260865.0,123136.0,137729.0,1
1169,146,10.82,78,650,8.12,573,13.494,0.12,26611.0,68824.0,-42213.0,0
1170,78,12.05,83,712,5.2,1067,6.473,0.117,41060.0,225220.0,-184160.0,0
1171,236,14.82,69,871,14.01,946,15.924,0.079,51933.0,81264.0,-29331.0,0
1172,31,19.83,60,880,8.78,1199,1.563,0.068,31299.0,184367.0,-153068.0,0
1173,70,17.7,215,986,6.0,821,3.955,0.218,59701.0,211350.0,-151649.0,0
1174,277,17.74,222,908,11.67,741,15.614,0.244,66917.0,104407.0,-37490.0,0
1175,206,19.63,364,706,7.02,554,10.494,0.516,68015.0,101851.0,-33836.0,0
1176,167,11.18,324,619,7.97,1574,14.937,0.523,470850.0,233401.0,237449.0,1
1177,67,16.61,255,631,10.78,1089,4.034,0.404,296910.0,128961.0,167949.0,1
1178,291,13.7,189,468,7.1,557,21.241,0.404,80911.0,64746.0,16165.0,1
1179,278,17.65,383,709,9.33,1505,15.751,0.54,459277.0,226480.0,232797.0,1
1180,232,12.83,210,604,11.25,1328,18.083,0.348,241952.0,119207.0,122745.0,1
1181,112,18.57,393,960,11.28,1457,6.031,0.409,579364.0,257432.0,321932.0,1
1182,275,10.56,145,990,14.62,1357,26.042,0.146,136286.0,174804.0,-38518.0,0
1183,242,19.22,187,945,12.27,522,12.591,0.198,40636.0,68691.0,-28055.0,0
1184,206,13.55,317,605,7.4,1014,15.203,0.524,288847.0,146735.0,142112.0,1
1185,183,18.32,272,820,14.11,816,9.989,0.332,249158.0,91965.0,157193.0,1
1186,166,15.75,261,673,7.56,883,10.54,0.388,82156.0,133345.0,-51189.0,0
1187,78,9.8,257,644,5.28,1035,7.959,0.399,102082.0,219821.0,-117739.0,0
1188,243,13.06,287,897,14.06,813,18.606,0.32,174587.0,90145.0,84442.0,1
1189,89,8.35,131,679,12.9,968,10.659,0.193,63878.0,87825.0,-23947.0,0
1190,110,15.73,387,963,5.42,1395,6.993,0.402,173826.0,420912.0,-247086.0,0
1191,62,11.77,60,456,7.98,530,5.268,0.132,15863.0,45096.0,-29233.0,0
1192,66,12.76,258,772,13.4,687,5.172,0.334,103313.0,68310.0,35003.0,1
1193,276,19.2,170,514,10.22,1588,14.375,0.331,357902.0,151253.0,206649.0,1
1194,274,18.61,318,657,7.38,650,14.723,0.484,143317.0,98024.0,45293.0,1
1195,219,17.67,210,737,12.44,1266,12.394,0.285,386284.0,146212.0,240072.0,1
1196,74,10.1,161,547,14.7,1300,7.327,0.294,166908.0,98482.0,68426.0,1
1197,48,13.88,259,660,8.75,631,3.458,0.392,52971.0,84798.0,-31827.0,0
1198,236,13.7,212,958,7.46,968,17.226,0.221,85930.0,194547.0,-108617.0,0
1199,263,16.59,124,771,13.21,443,15.853,0.161,27692.0,43500.0,-15808.0,0
1200,47,16.29,380,435,12.89,890,2.885,0.874,117613.0,76986.0,40627.0,1
